# Annotations generated on 2023-02-15T14:54:37 using cellxgene version 1.1.1,
# Input data file was all_glia_new.h5ad, which was last modified on 2023-01-11T11:32:11
cell_id,definitive_glia
GAAACCTCAGAGACTG_TSP6_Trachea_NA_10X_2_1,unassigned
AAATGGATCAGGAACG_TSP4_Mammary_NA_10X_1_1,unassigned
AACAAAGGTCAACATC_TSP4_Mammary_NA_10X_1_1,unassigned
AACCAACGTCCGGCAT_TSP4_Mammary_NA_10X_1_1,unassigned
AACGAAATCCGCAACG_TSP4_Mammary_NA_10X_1_1,unassigned
AAGACAATCAGCTAGT_TSP4_Mammary_NA_10X_1_1,unassigned
AAGGAATAGAAACTAC_TSP4_Mammary_NA_10X_1_1,unassigned
AAGTGAAGTGGTACAG_TSP4_Mammary_NA_10X_1_1,unassigned
AATCGTGAGATACCAA_TSP4_Mammary_NA_10X_1_1,unassigned
AATGAAGCACGTGAGA_TSP4_Mammary_NA_10X_1_1,unassigned
AATGACCTCGCTGTCT_TSP4_Mammary_NA_10X_1_1,unassigned
AATGCCATCCATAGGT_TSP4_Mammary_NA_10X_1_1,unassigned
AATTTCCAGGTTCTAC_TSP4_Mammary_NA_10X_1_1,unassigned
ACAAAGACACGACAGA_TSP4_Mammary_NA_10X_1_1,unassigned
ACAGGGAAGAGGGTCT_TSP4_Mammary_NA_10X_1_1,unassigned
ACATGCATCCGATGTA_TSP4_Mammary_NA_10X_1_1,unassigned
ACATGCATCCGCAACG_TSP4_Mammary_NA_10X_1_1,unassigned
ACATTTCTCTCTATGT_TSP4_Mammary_NA_10X_1_1,unassigned
ACCATTTCAACCCTCT_TSP4_Mammary_NA_10X_1_1,unassigned
ACCCTCAAGAGTGACC_TSP4_Mammary_NA_10X_1_1,unassigned
ACGTACACACACCTTC_TSP4_Mammary_NA_10X_1_1,unassigned
ACGTAGTCACTAGAGG_TSP4_Mammary_NA_10X_1_1,unassigned
ACGTCCTGTTAGTCGT_TSP4_Mammary_NA_10X_1_1,unassigned
ACTACGAGTTTAGAGA_TSP4_Mammary_NA_10X_1_1,unassigned
ACTATGGTCCTTCTTC_TSP4_Mammary_NA_10X_1_1,unassigned
ACTCCCACACTATCCC_TSP4_Mammary_NA_10X_1_1,unassigned
AGAAGTATCAGGAGAC_TSP4_Mammary_NA_10X_1_1,unassigned
AGACCATAGGCTAGCA_TSP4_Mammary_NA_10X_1_1,unassigned
AGCGATTGTTCAGCTA_TSP4_Mammary_NA_10X_1_1,unassigned
AGGAGGTTCGGTAGGA_TSP4_Mammary_NA_10X_1_1,unassigned
AGGCCACTCAAACGAA_TSP4_Mammary_NA_10X_1_1,unassigned
AGGGCTCTCAACTTTC_TSP4_Mammary_NA_10X_1_1,unassigned
AGGGCTCTCCACCTGT_TSP4_Mammary_NA_10X_1_1,unassigned
AGGGTCCCACGTAGAG_TSP4_Mammary_NA_10X_1_1,unassigned
AGGGTCCTCCGACGGT_TSP4_Mammary_NA_10X_1_1,unassigned
AGTAACCAGAGCCTGA_TSP4_Mammary_NA_10X_1_1,unassigned
AGTCACAAGGACTAAT_TSP4_Mammary_NA_10X_1_1,unassigned
AGTTAGCCAGTTACCA_TSP4_Mammary_NA_10X_1_1,unassigned
ATATCCTTCCTCTCTT_TSP4_Mammary_NA_10X_1_1,unassigned
ATCACGAAGATGATTG_TSP4_Mammary_NA_10X_1_1,unassigned
ATCACGATCTGGGCCA_TSP4_Mammary_NA_10X_1_1,unassigned
ATCCCTGCAATTTCCT_TSP4_Mammary_NA_10X_1_1,unassigned
ATGACCAGTGCGGCTT_TSP4_Mammary_NA_10X_1_1,unassigned
ATGATCGGTTGCAAGG_TSP4_Mammary_NA_10X_1_1,unassigned
ATGGTTGGTCATCAGT_TSP4_Mammary_NA_10X_1_1,unassigned
ATTATCCGTAAGCAAT_TSP4_Mammary_NA_10X_1_1,unassigned
ATTCAGGCATCCGGTG_TSP4_Mammary_NA_10X_1_1,unassigned
ATTCAGGGTGGCGTAA_TSP4_Mammary_NA_10X_1_1,unassigned
ATTCCATCAGGAAGTC_TSP4_Mammary_NA_10X_1_1,unassigned
ATTCTTGGTGCGACAA_TSP4_Mammary_NA_10X_1_1,unassigned
ATTGGGTTCTCGCAGG_TSP4_Mammary_NA_10X_1_1,unassigned
CAAAGAATCTATGCCC_TSP4_Mammary_NA_10X_1_1,unassigned
CAACAACAGAAGTGTT_TSP4_Mammary_NA_10X_1_1,unassigned
CAACCTCAGATGACCG_TSP4_Mammary_NA_10X_1_1,unassigned
CAACCTCTCATGAAAG_TSP4_Mammary_NA_10X_1_1,unassigned
CAGCCAGCAGTTCTAG_TSP4_Mammary_NA_10X_1_1,unassigned
CATCGGGTCCACATAG_TSP4_Mammary_NA_10X_1_1,unassigned
CATGCGGCACCATATG_TSP4_Mammary_NA_10X_1_1,unassigned
CATTCATTCCATAAGC_TSP4_Mammary_NA_10X_1_1,unassigned
CATTCCGTCCAGCTCT_TSP4_Mammary_NA_10X_1_1,unassigned
CATTGCCTCTATCGGA_TSP4_Mammary_NA_10X_1_1,unassigned
CATTTCACATGGCCCA_TSP4_Mammary_NA_10X_1_1,unassigned
CCAATGAGTCAGGCAA_TSP4_Mammary_NA_10X_1_1,unassigned
CCCGAAGCAGATCCAT_TSP4_Mammary_NA_10X_1_1,unassigned
CCGATCTAGATGTAGT_TSP4_Mammary_NA_10X_1_1,unassigned
CCGGTAGAGCGGTAGT_TSP4_Mammary_NA_10X_1_1,unassigned
CCGGTAGAGTTTAGGA_TSP4_Mammary_NA_10X_1_1,unassigned
CCTCAACGTATGAAAC_TSP4_Mammary_NA_10X_1_1,unassigned
CCTTGTGCAAAGTATG_TSP4_Mammary_NA_10X_1_1,unassigned
CCTTGTGTCTTCCCGA_TSP4_Mammary_NA_10X_1_1,unassigned
CGAGGAAGTTCTTGTT_TSP4_Mammary_NA_10X_1_1,unassigned
CGAGGCTGTGATAGAT_TSP4_Mammary_NA_10X_1_1,unassigned
CGAGTGCCAGAATTCC_TSP4_Mammary_NA_10X_1_1,unassigned
CGCATGGAGGACACTG_TSP4_Mammary_NA_10X_1_1,unassigned
CGGAATTTCCGAAGGA_TSP4_Mammary_NA_10X_1_1,unassigned
CGGAGAAAGTGCTCAT_TSP4_Mammary_NA_10X_1_1,unassigned
CTACCTGAGACCTGGA_TSP4_Mammary_NA_10X_1_1,unassigned
CTATCCGAGACTCTTG_TSP4_Mammary_NA_10X_1_1,unassigned
CTATCCGCATTGCTTT_TSP4_Mammary_NA_10X_1_1,unassigned
CTATCTAAGATAACGT_TSP4_Mammary_NA_10X_1_1,unassigned
CTCAATTGTCTCTCCA_TSP4_Mammary_NA_10X_1_1,unassigned
CTCATGCCACGCGTGT_TSP4_Mammary_NA_10X_1_1,unassigned
CTCCAACGTTGGACCC_TSP4_Mammary_NA_10X_1_1,unassigned
CTGAGGCAGAGTGACC_TSP4_Mammary_NA_10X_1_1,unassigned
CTTAGGAGTGGCTCTG_TSP4_Mammary_NA_10X_1_1,unassigned
CTTGAGATCTACGGGC_TSP4_Mammary_NA_10X_1_1,unassigned
GAAACCTGTTCAGCGC_TSP4_Mammary_NA_10X_1_1,unassigned
GAAGCGATCTTTGGAG_TSP4_Mammary_NA_10X_1_1,unassigned
GACACGCCATCCAATG_TSP4_Mammary_NA_10X_1_1,unassigned
GACATCACATGAATCC_TSP4_Mammary_NA_10X_1_1,unassigned
GACCCAGGTCCAAATC_TSP4_Mammary_NA_10X_1_1,unassigned
GACCCTTCATTGAAGA_TSP4_Mammary_NA_10X_1_1,unassigned
GACTCTCTCGTCAGAT_TSP4_Mammary_NA_10X_1_1,unassigned
GACTGATAGCCGCACT_TSP4_Mammary_NA_10X_1_1,unassigned
GAGGGATCAGACCTAT_TSP4_Mammary_NA_10X_1_1,unassigned
GAGTGAGCAGACGATG_TSP4_Mammary_NA_10X_1_1,unassigned
GAGTTGTTCGATACTG_TSP4_Mammary_NA_10X_1_1,unassigned
GAGTTTGGTGGGCTTC_TSP4_Mammary_NA_10X_1_1,unassigned
GATCAGTAGAGTATAC_TSP4_Mammary_NA_10X_1_1,unassigned
GCAACATTCAGATGCT_TSP4_Mammary_NA_10X_1_1,unassigned
GCACTAAAGAAATTCG_TSP4_Mammary_NA_10X_1_1,unassigned
GCCAGTGGTGTAAATG_TSP4_Mammary_NA_10X_1_1,unassigned
GCCATGGAGCCTTTCC_TSP4_Mammary_NA_10X_1_1,unassigned
GCCATGGAGTCAGGGT_TSP4_Mammary_NA_10X_1_1,unassigned
GCCCGAATCGTAACAC_TSP4_Mammary_NA_10X_1_1,unassigned
GCCTGTTTCTTGGGCG_TSP4_Mammary_NA_10X_1_1,unassigned
GCGGAAATCCACGTCT_TSP4_Mammary_NA_10X_1_1,unassigned
GCTACCTCACACCTTC_TSP4_Mammary_NA_10X_1_1,unassigned
GCTGGGTCAATGTGGG_TSP4_Mammary_NA_10X_1_1,unassigned
GCTTCACTCACCGCTT_TSP4_Mammary_NA_10X_1_1,unassigned
GCTTGGGGTTGGAGGT_TSP4_Mammary_NA_10X_1_1,unassigned
GGAACCCCAAGATTGA_TSP4_Mammary_NA_10X_1_1,unassigned
GGAATGGCACTGTCGG_TSP4_Mammary_NA_10X_1_1,unassigned
GGCACGTTCACTGCTC_TSP4_Mammary_NA_10X_1_1,unassigned
GGCTTTCCAGGATGAC_TSP4_Mammary_NA_10X_1_1,unassigned
GGGACTCAGAGAGCAA_TSP4_Mammary_NA_10X_1_1,unassigned
GGGCTACCAGCATTGT_TSP4_Mammary_NA_10X_1_1,unassigned
GGGCTCAAGACCGTTT_TSP4_Mammary_NA_10X_1_1,unassigned
GGGTATTGTACCCGAC_TSP4_Mammary_NA_10X_1_1,unassigned
GGGTATTTCGTCGCTT_TSP4_Mammary_NA_10X_1_1,unassigned
GGGTCTGAGCGTCAGA_TSP4_Mammary_NA_10X_1_1,unassigned
GGGTTATCAGGGAGAG_TSP4_Mammary_NA_10X_1_1,unassigned
GGTAATCTCTTGTTAC_TSP4_Mammary_NA_10X_1_1,unassigned
GGTGTCGGTAAGATTG_TSP4_Mammary_NA_10X_1_1,unassigned
GTACAGTTCGGTGCAC_TSP4_Mammary_NA_10X_1_1,unassigned
GTAGAGGCACACGTGC_TSP4_Mammary_NA_10X_1_1,unassigned
GTAGAGGCATAGATCC_TSP4_Mammary_NA_10X_1_1,unassigned
GTCAAGTAGAAGTCAT_TSP4_Mammary_NA_10X_1_1,unassigned
GTCAAGTGTGCTGATT_TSP4_Mammary_NA_10X_1_1,unassigned
GTCACGGCATCGTGGC_TSP4_Mammary_NA_10X_1_1,unassigned
GTCACTCGTCTACAAC_TSP4_Mammary_NA_10X_1_1,unassigned
GTCATCCTCGCTACGG_TSP4_Mammary_NA_10X_1_1,unassigned
GTCGCGATCCTCAGGG_TSP4_Mammary_NA_10X_1_1,unassigned
GTCTTTAGTTCAGCTA_TSP4_Mammary_NA_10X_1_1,unassigned
GTCTTTATCCGTCACT_TSP4_Mammary_NA_10X_1_1,unassigned
GTGACGCCACATGGTT_TSP4_Mammary_NA_10X_1_1,unassigned
GTGACGCCAGATCACT_TSP4_Mammary_NA_10X_1_1,unassigned
GTGCAGCCAGTAGAAT_TSP4_Mammary_NA_10X_1_1,unassigned
GTGCAGCCATCGATAC_TSP4_Mammary_NA_10X_1_1,unassigned
GTTACCCGTGCACGCT_TSP4_Mammary_NA_10X_1_1,unassigned
GTTACGAGTGAGACCA_TSP4_Mammary_NA_10X_1_1,unassigned
GTTCCGTTCCGCATAA_TSP4_Mammary_NA_10X_1_1,unassigned
GTTCTATCAGTTAGGG_TSP4_Mammary_NA_10X_1_1,unassigned
GTTCTATGTATAGGAT_TSP4_Mammary_NA_10X_1_1,unassigned
GTTTGGACATAATGCC_TSP4_Mammary_NA_10X_1_1,unassigned
TAAGCCATCTGTCAGA_TSP4_Mammary_NA_10X_1_1,unassigned
TAAGTCGCAAGAGAGA_TSP4_Mammary_NA_10X_1_1,unassigned
TACCTCGAGTCCCAAT_TSP4_Mammary_NA_10X_1_1,unassigned
TACGCTCCACGTGTGC_TSP4_Mammary_NA_10X_1_1,unassigned
TAGATCGGTAATGCGG_TSP4_Mammary_NA_10X_1_1,unassigned
TAGTGCAAGCTGACAG_TSP4_Mammary_NA_10X_1_1,unassigned
TATCAGGAGCTGCGAA_TSP4_Mammary_NA_10X_1_1,unassigned
TATCTTGTCGAGAACG_TSP4_Mammary_NA_10X_1_1,unassigned
TCAATTCTCCTACCAC_TSP4_Mammary_NA_10X_1_1,unassigned
TCACATTAGAGGGCGA_TSP4_Mammary_NA_10X_1_1,unassigned
TCACGGGAGTCTGGTT_TSP4_Mammary_NA_10X_1_1,unassigned
TCAGCAATCAGCTGAT_TSP4_Mammary_NA_10X_1_1,unassigned
TCAGCCTAGATTCGAA_TSP4_Mammary_NA_10X_1_1,unassigned
TCAGTGATCATTACCT_TSP4_Mammary_NA_10X_1_1,unassigned
TCAGTTTGTACACTCA_TSP4_Mammary_NA_10X_1_1,unassigned
TCATCATAGAGAACCC_TSP4_Mammary_NA_10X_1_1,unassigned
TCATCCGCACAGCTGC_TSP4_Mammary_NA_10X_1_1,unassigned
TCATTACGTGCGGATA_TSP4_Mammary_NA_10X_1_1,unassigned
TCCATCGAGAGGTCAC_TSP4_Mammary_NA_10X_1_1,unassigned
TCCCATGTCACATCAG_TSP4_Mammary_NA_10X_1_1,unassigned
TCCCATGTCGACGCGT_TSP4_Mammary_NA_10X_1_1,unassigned
TCGACCTGTTACGATC_TSP4_Mammary_NA_10X_1_1,unassigned
TCGCTCACAATATCCG_TSP4_Mammary_NA_10X_1_1,unassigned
TCGGATACAATCGTCA_TSP4_Mammary_NA_10X_1_1,unassigned
TCGGGTGAGCCTTGAT_TSP4_Mammary_NA_10X_1_1,unassigned
TCTAACTCAAGGCGTA_TSP4_Mammary_NA_10X_1_1,unassigned
TCTAACTCATACAGAA_TSP4_Mammary_NA_10X_1_1,unassigned
TCTACCGCAGGTAGTG_TSP4_Mammary_NA_10X_1_1,unassigned
TCTACCGCATTCATCT_TSP4_Mammary_NA_10X_1_1,unassigned
TCTCACGAGCTGTTAC_TSP4_Mammary_NA_10X_1_1,unassigned
TCTCAGCCAGGTAGTG_TSP4_Mammary_NA_10X_1_1,unassigned
TCTGGCTAGGCTATCT_TSP4_Mammary_NA_10X_1_1,unassigned
TCTGTCGAGTGCTAGG_TSP4_Mammary_NA_10X_1_1,unassigned
TCTGTCGAGTTGGCTT_TSP4_Mammary_NA_10X_1_1,unassigned
TGATTTCTCTACTTCA_TSP4_Mammary_NA_10X_1_1,unassigned
TGCACGGCAGAGATTA_TSP4_Mammary_NA_10X_1_1,unassigned
TGCAGTAGTCGCATTA_TSP4_Mammary_NA_10X_1_1,unassigned
TGCATCCGTTTGCAGT_TSP4_Mammary_NA_10X_1_1,unassigned
TGCTTCGCAAACTCTG_TSP4_Mammary_NA_10X_1_1,unassigned
TGCTTGCCACATATCG_TSP4_Mammary_NA_10X_1_1,unassigned
TGGGCGTGTGGATGAC_TSP4_Mammary_NA_10X_1_1,unassigned
TGGGTTACATAGGTAA_TSP4_Mammary_NA_10X_1_1,unassigned
TGGGTTAGTAGAGGAA_TSP4_Mammary_NA_10X_1_1,unassigned
TGGTGATAGCAATTCC_TSP4_Mammary_NA_10X_1_1,unassigned
TGTAGACAGGCTTAGG_TSP4_Mammary_NA_10X_1_1,unassigned
TGTCCACGTACTTCCC_TSP4_Mammary_NA_10X_1_1,unassigned
TGTCCCACATGAAAGT_TSP4_Mammary_NA_10X_1_1,unassigned
TGTCCCATCGTGCGAC_TSP4_Mammary_NA_10X_1_1,unassigned
TGTCCTGAGCCTTCTC_TSP4_Mammary_NA_10X_1_1,unassigned
TGTGATGTCTTCACGC_TSP4_Mammary_NA_10X_1_1,unassigned
TGTTACTCAACATACC_TSP4_Mammary_NA_10X_1_1,unassigned
TGTTCCGAGGTCGACA_TSP4_Mammary_NA_10X_1_1,unassigned
TTACTGTTCCCGTAAA_TSP4_Mammary_NA_10X_1_1,unassigned
TTCACGCAGCGCTTCG_TSP4_Mammary_NA_10X_1_1,unassigned
TTCAGGACAGGGATAC_TSP4_Mammary_NA_10X_1_1,unassigned
TTCAGGAGTTCGTAAC_TSP4_Mammary_NA_10X_1_1,unassigned
TTCCGGTTCTCTGCCA_TSP4_Mammary_NA_10X_1_1,unassigned
TTCTAACGTGTTATCG_TSP4_Mammary_NA_10X_1_1,unassigned
TTCTAACGTTGCTGAT_TSP4_Mammary_NA_10X_1_1,unassigned
TTGCCTGTCAAGCGTT_TSP4_Mammary_NA_10X_1_1,unassigned
TTGCGTCAGTTCTCTT_TSP4_Mammary_NA_10X_1_1,unassigned
TTGTGGATCCTCACTG_TSP4_Mammary_NA_10X_1_1,unassigned
TTTACGTGTCATCAGT_TSP4_Mammary_NA_10X_1_1,unassigned
TTTACTGTCACTCGAA_TSP4_Mammary_NA_10X_1_1,unassigned
TTTCAGTAGCTATCCA_TSP4_Mammary_NA_10X_1_1,unassigned
TTTCATGTCAGCTCTC_TSP4_Mammary_NA_10X_1_1,unassigned
TTTGTTGCATGGCCCA_TSP4_Mammary_NA_10X_1_1,unassigned
AAACGAAAGGCTATCT_TSP4_Mammary_NA_10X_1_2,unassigned
AAACGCTTCATCACCC_TSP4_Mammary_NA_10X_1_2,unassigned
AAAGGATCAGGGTTGA_TSP4_Mammary_NA_10X_1_2,unassigned
AAAGGGCCATCGGCCA_TSP4_Mammary_NA_10X_1_2,unassigned
AAGCATCCAGGTAGTG_TSP4_Mammary_NA_10X_1_2,unassigned
AAGCCATAGTCTAACC_TSP4_Mammary_NA_10X_1_2,unassigned
AAGCCATTCATTGTTC_TSP4_Mammary_NA_10X_1_2,unassigned
AAGCCATTCTGTAACG_TSP4_Mammary_NA_10X_1_2,unassigned
AAGCGAGGTGGGTCAA_TSP4_Mammary_NA_10X_1_2,unassigned
AAGGTAACAATTTCTC_TSP4_Mammary_NA_10X_1_2,unassigned
AAGTACCCAAATCAAG_TSP4_Mammary_NA_10X_1_2,unassigned
AAGTACCTCCGGTTCT_TSP4_Mammary_NA_10X_1_2,unassigned
AAGTACCTCTTGCAGA_TSP4_Mammary_NA_10X_1_2,unassigned
AAGTGAACATCAGCTA_TSP4_Mammary_NA_10X_1_2,unassigned
AAGTGAATCAGAGCAG_TSP4_Mammary_NA_10X_1_2,unassigned
AATGACCCATGTTTGG_TSP4_Mammary_NA_10X_1_2,unassigned
AATGCCAGTTTGTGGT_TSP4_Mammary_NA_10X_1_2,unassigned
AATTCCTCAATCGCCG_TSP4_Mammary_NA_10X_1_2,unassigned
ACACAGTCACTTGAAC_TSP4_Mammary_NA_10X_1_2,unassigned
ACATCCCGTGACCGAA_TSP4_Mammary_NA_10X_1_2,unassigned
ACATCCCGTGAGATAT_TSP4_Mammary_NA_10X_1_2,unassigned
ACCAAACAGACCTTTG_TSP4_Mammary_NA_10X_1_2,unassigned
ACCATTTAGGCCACCT_TSP4_Mammary_NA_10X_1_2,unassigned
ACCCTTGGTCTAACGT_TSP4_Mammary_NA_10X_1_2,unassigned
ACGTTCCAGGTAGCCA_TSP4_Mammary_NA_10X_1_2,unassigned
ACTACGAAGACCATAA_TSP4_Mammary_NA_10X_1_2,unassigned
ACTCCCACAGCTGTCG_TSP4_Mammary_NA_10X_1_2,unassigned
ACTGTCCTCGAAGGAC_TSP4_Mammary_NA_10X_1_2,unassigned
ACTGTGAAGTCATTGC_TSP4_Mammary_NA_10X_1_2,unassigned
ACTTCCGAGGTCGCCT_TSP4_Mammary_NA_10X_1_2,unassigned
AGACCCGAGTGGAAAG_TSP4_Mammary_NA_10X_1_2,unassigned
AGATGCTCAAGGGTCA_TSP4_Mammary_NA_10X_1_2,unassigned
AGCGCCAAGACAACAT_TSP4_Mammary_NA_10X_1_2,unassigned
AGGACGACAGGTCAGA_TSP4_Mammary_NA_10X_1_2,unassigned
AGGCTGCGTGACAACG_TSP4_Mammary_NA_10X_1_2,unassigned
AGGGAGTTCTCATGCC_TSP4_Mammary_NA_10X_1_2,unassigned
AGGGCCTGTTCAAGGG_TSP4_Mammary_NA_10X_1_2,unassigned
AGTCACAGTCACTTCC_TSP4_Mammary_NA_10X_1_2,unassigned
AGTCTCCTCTGGGAGA_TSP4_Mammary_NA_10X_1_2,unassigned
AGTTAGCGTGCCAAGA_TSP4_Mammary_NA_10X_1_2,unassigned
ATACTTCCAGCTCTGG_TSP4_Mammary_NA_10X_1_2,unassigned
ATCGATGGTCATACCA_TSP4_Mammary_NA_10X_1_2,unassigned
ATCGTGACAGCTCCTT_TSP4_Mammary_NA_10X_1_2,unassigned
ATGACCAAGTAAGGGA_TSP4_Mammary_NA_10X_1_2,unassigned
ATGCCTCGTTGTAGCT_TSP4_Mammary_NA_10X_1_2,unassigned
ATGGGAGTCTTGAACG_TSP4_Mammary_NA_10X_1_2,unassigned
ATTACTCCAGCTACAT_TSP4_Mammary_NA_10X_1_2,unassigned
ATTCACTGTGGACCAA_TSP4_Mammary_NA_10X_1_2,unassigned
ATTCAGGCAGGGACTA_TSP4_Mammary_NA_10X_1_2,unassigned
ATTCCCGCAGCTGTTA_TSP4_Mammary_NA_10X_1_2,unassigned
ATTCTTGAGATACAGT_TSP4_Mammary_NA_10X_1_2,unassigned
ATTGGGTCAGTATGAA_TSP4_Mammary_NA_10X_1_2,unassigned
CAACAGTCAGAACATA_TSP4_Mammary_NA_10X_1_2,unassigned
CAACCAATCTCCAATT_TSP4_Mammary_NA_10X_1_2,unassigned
CAAGACTCAAGCACCC_TSP4_Mammary_NA_10X_1_2,unassigned
CAAGAGGAGCGTCAGA_TSP4_Mammary_NA_10X_1_2,unassigned
CAATTTCTCTGAATCG_TSP4_Mammary_NA_10X_1_2,unassigned
CACATGAAGGCACAAC_TSP4_Mammary_NA_10X_1_2,unassigned
CACATGAGTAGTCCTA_TSP4_Mammary_NA_10X_1_2,unassigned
CACATGATCTGGCCAG_TSP4_Mammary_NA_10X_1_2,unassigned
CACGAATCATCGATCA_TSP4_Mammary_NA_10X_1_2,unassigned
CACGGGTAGCACTTTG_TSP4_Mammary_NA_10X_1_2,unassigned
CACGGGTAGGATGAGA_TSP4_Mammary_NA_10X_1_2,unassigned
CACGTGGGTTGTGTAC_TSP4_Mammary_NA_10X_1_2,unassigned
CACTGAATCGCCAGAC_TSP4_Mammary_NA_10X_1_2,unassigned
CAGCAGCAGGTTACAA_TSP4_Mammary_NA_10X_1_2,unassigned
CAGCCAGGTACTGGGA_TSP4_Mammary_NA_10X_1_2,unassigned
CAGTTCCTCGCTCATC_TSP4_Mammary_NA_10X_1_2,unassigned
CATACCCGTACTTGTG_TSP4_Mammary_NA_10X_1_2,unassigned
CATACTTCAGGGAATC_TSP4_Mammary_NA_10X_1_2,unassigned
CATAGACGTTCAACGT_TSP4_Mammary_NA_10X_1_2,unassigned
CATCAAGAGGCATGCA_TSP4_Mammary_NA_10X_1_2,unassigned
CATCAAGAGTGTAGAT_TSP4_Mammary_NA_10X_1_2,unassigned
CATCGGGAGCATTGAA_TSP4_Mammary_NA_10X_1_2,unassigned
CATGAGTAGCTACAAA_TSP4_Mammary_NA_10X_1_2,unassigned
CATGCCTAGCCTCACG_TSP4_Mammary_NA_10X_1_2,unassigned
CATGCGGAGACATCCT_TSP4_Mammary_NA_10X_1_2,unassigned
CATTGCCGTCCAGCGT_TSP4_Mammary_NA_10X_1_2,unassigned
CCAATGAAGAGTTCGG_TSP4_Mammary_NA_10X_1_2,unassigned
CCAATGACACTCAGAT_TSP4_Mammary_NA_10X_1_2,unassigned
CCACTTGCAAGCCCAC_TSP4_Mammary_NA_10X_1_2,unassigned
CCCTAACAGAGGTTTA_TSP4_Mammary_NA_10X_1_2,unassigned
CCGGACAGTCCAGCAC_TSP4_Mammary_NA_10X_1_2,unassigned
CCGGTGACAAGCACAG_TSP4_Mammary_NA_10X_1_2,unassigned
CCTCAGTCATTCACCC_TSP4_Mammary_NA_10X_1_2,unassigned
CCTCATGAGCTTTCTT_TSP4_Mammary_NA_10X_1_2,unassigned
CCTCCAAAGGATATGT_TSP4_Mammary_NA_10X_1_2,unassigned
CGAAGGACAAATACAG_TSP4_Mammary_NA_10X_1_2,unassigned
CGAGAAGCAATCGCAT_TSP4_Mammary_NA_10X_1_2,unassigned
CGAGGAATCGCGGACT_TSP4_Mammary_NA_10X_1_2,unassigned
CGATCGGTCTGCCTGT_TSP4_Mammary_NA_10X_1_2,unassigned
CGGAGAAGTCAGACGA_TSP4_Mammary_NA_10X_1_2,unassigned
CGGCAGTGTATCGTTG_TSP4_Mammary_NA_10X_1_2,unassigned
CGGGCATGTCAGGAGT_TSP4_Mammary_NA_10X_1_2,unassigned
CGGGCATTCACGTAGT_TSP4_Mammary_NA_10X_1_2,unassigned
CGTAAGTCAGACCAAG_TSP4_Mammary_NA_10X_1_2,unassigned
CGTTCTGCACGGGTAA_TSP4_Mammary_NA_10X_1_2,unassigned
CTACAGAAGAGTGAAG_TSP4_Mammary_NA_10X_1_2,unassigned
CTACTATAGCCTCTCT_TSP4_Mammary_NA_10X_1_2,unassigned
CTACTATGTCTTGAGT_TSP4_Mammary_NA_10X_1_2,unassigned
CTAGACACACTATCCC_TSP4_Mammary_NA_10X_1_2,unassigned
CTAGGTAGTATCCTCC_TSP4_Mammary_NA_10X_1_2,unassigned
CTATAGGGTGCTTCAA_TSP4_Mammary_NA_10X_1_2,unassigned
CTCAACCTCACCTACC_TSP4_Mammary_NA_10X_1_2,unassigned
CTCAGAACATACACCA_TSP4_Mammary_NA_10X_1_2,unassigned
CTCCATGTCACTGGGC_TSP4_Mammary_NA_10X_1_2,unassigned
CTCCGATAGGTCACAG_TSP4_Mammary_NA_10X_1_2,unassigned
CTCGAGGAGCCTAACT_TSP4_Mammary_NA_10X_1_2,unassigned
CTGCAGGCACGCTGAC_TSP4_Mammary_NA_10X_1_2,unassigned
CTGCCATTCCGTGCGA_TSP4_Mammary_NA_10X_1_2,unassigned
CTGGACGAGCACACCC_TSP4_Mammary_NA_10X_1_2,unassigned
CTGGACGCAAAGGATT_TSP4_Mammary_NA_10X_1_2,unassigned
CTGTAGAAGGAACGAA_TSP4_Mammary_NA_10X_1_2,unassigned
CTGTATTCAGGTATGG_TSP4_Mammary_NA_10X_1_2,unassigned
CTTCAATCAGACATCT_TSP4_Mammary_NA_10X_1_2,unassigned
GAAACCTGTGGCACTC_TSP4_Mammary_NA_10X_1_2,unassigned
GAAGCCCTCCATATGG_TSP4_Mammary_NA_10X_1_2,unassigned
GAAGCCCTCTACAGGT_TSP4_Mammary_NA_10X_1_2,unassigned
GAATCGTTCTCGTCAC_TSP4_Mammary_NA_10X_1_2,unassigned
GACCAATGTTTGTTGG_TSP4_Mammary_NA_10X_1_2,unassigned
GACGCTGGTCATCAGT_TSP4_Mammary_NA_10X_1_2,unassigned
GACGTTAAGTTCCTGA_TSP4_Mammary_NA_10X_1_2,unassigned
GACGTTACAGAGAAAG_TSP4_Mammary_NA_10X_1_2,unassigned
GACGTTAGTATACCTG_TSP4_Mammary_NA_10X_1_2,unassigned
GACTCTCTCCTATTTG_TSP4_Mammary_NA_10X_1_2,unassigned
GACTGATGTGTGGTCC_TSP4_Mammary_NA_10X_1_2,unassigned
GAGAAATTCATTGAGC_TSP4_Mammary_NA_10X_1_2,unassigned
GAGAGGTAGTGCACAG_TSP4_Mammary_NA_10X_1_2,unassigned
GAGGGATAGGATGGCT_TSP4_Mammary_NA_10X_1_2,unassigned
GAGGGTATCTACCTTA_TSP4_Mammary_NA_10X_1_2,unassigned
GAGTCATAGGATGTTA_TSP4_Mammary_NA_10X_1_2,unassigned
GAGTCATCAGGTACGA_TSP4_Mammary_NA_10X_1_2,unassigned
GAGTTACTCACTGTTT_TSP4_Mammary_NA_10X_1_2,unassigned
GATGGAGGTGGTTTGT_TSP4_Mammary_NA_10X_1_2,unassigned
GATTCTTAGACTCGAG_TSP4_Mammary_NA_10X_1_2,unassigned
GCACGGTCAAACTCTG_TSP4_Mammary_NA_10X_1_2,unassigned
GCACGGTGTCGTATTG_TSP4_Mammary_NA_10X_1_2,unassigned
GCAGTTAAGAGAAGGT_TSP4_Mammary_NA_10X_1_2,unassigned
GCAGTTAGTTGTGTAC_TSP4_Mammary_NA_10X_1_2,unassigned
GCCAACGCACTAGAGG_TSP4_Mammary_NA_10X_1_2,unassigned
GCCAACGCATTCGGGC_TSP4_Mammary_NA_10X_1_2,unassigned
GCCAGCAAGGTTCTAC_TSP4_Mammary_NA_10X_1_2,unassigned
GCCAGTGCAACGGTAG_TSP4_Mammary_NA_10X_1_2,unassigned
GCCGTGATCCCGTTCA_TSP4_Mammary_NA_10X_1_2,unassigned
GCGATCGCACGAGAAC_TSP4_Mammary_NA_10X_1_2,unassigned
GCGGATCCAAACTAAG_TSP4_Mammary_NA_10X_1_2,unassigned
GGAGCAACATCGGAAG_TSP4_Mammary_NA_10X_1_2,unassigned
GGCAGTCTCCCATAGA_TSP4_Mammary_NA_10X_1_2,unassigned
GGCTGTGCAGGATCTT_TSP4_Mammary_NA_10X_1_2,unassigned
GGGACTCCAACACAAA_TSP4_Mammary_NA_10X_1_2,unassigned
GGGACTCGTGACGTCC_TSP4_Mammary_NA_10X_1_2,unassigned
GGGCTCATCGAACACT_TSP4_Mammary_NA_10X_1_2,unassigned
GGGTCACTCGTAGGGA_TSP4_Mammary_NA_10X_1_2,unassigned
GGTAACTTCAGGAAAT_TSP4_Mammary_NA_10X_1_2,unassigned
GGTCACGCAAGTCATC_TSP4_Mammary_NA_10X_1_2,unassigned
GGTGAAGTCAAGAGTA_TSP4_Mammary_NA_10X_1_2,unassigned
GGTGATTAGTAGACAT_TSP4_Mammary_NA_10X_1_2,unassigned
GGTTGTATCGCTCTAC_TSP4_Mammary_NA_10X_1_2,unassigned
GTCAAGTCAAGGTCAG_TSP4_Mammary_NA_10X_1_2,unassigned
GTCACTCCACTGCACG_TSP4_Mammary_NA_10X_1_2,unassigned
GTCAGCGTCTACCCAC_TSP4_Mammary_NA_10X_1_2,unassigned
GTCATGATCCCAGCGA_TSP4_Mammary_NA_10X_1_2,unassigned
GTCCCATCAATGCAGG_TSP4_Mammary_NA_10X_1_2,unassigned
GTCTGTCGTGTTGACT_TSP4_Mammary_NA_10X_1_2,unassigned
GTCTTTAAGTAATCCC_TSP4_Mammary_NA_10X_1_2,unassigned
GTGAGGAAGGCAGGTT_TSP4_Mammary_NA_10X_1_2,unassigned
GTGCAGCTCCGCTTAC_TSP4_Mammary_NA_10X_1_2,unassigned
GTGCTGGCAGCAATTC_TSP4_Mammary_NA_10X_1_2,unassigned
GTGGTTACAACATACC_TSP4_Mammary_NA_10X_1_2,unassigned
GTGGTTATCCGTAATG_TSP4_Mammary_NA_10X_1_2,unassigned
GTGTGGCAGTATAGAC_TSP4_Mammary_NA_10X_1_2,unassigned
GTTATGGAGTATCTGC_TSP4_Mammary_NA_10X_1_2,unassigned
GTTCCGTCAAAGCTAA_TSP4_Mammary_NA_10X_1_2,unassigned
GTTCTATAGAAATGGG_TSP4_Mammary_NA_10X_1_2,unassigned
GTTCTATAGGAATCGC_TSP4_Mammary_NA_10X_1_2,unassigned
GTTGAACTCTTTGATC_TSP4_Mammary_NA_10X_1_2,unassigned
GTTGCGGCACTCATAG_TSP4_Mammary_NA_10X_1_2,unassigned
TAATCTCGTCCAGTTA_TSP4_Mammary_NA_10X_1_2,unassigned
TAATTCCTCAGACAAA_TSP4_Mammary_NA_10X_1_2,unassigned
TACACCCAGCCTATCA_TSP4_Mammary_NA_10X_1_2,unassigned
TACGCTCGTGCCCACA_TSP4_Mammary_NA_10X_1_2,unassigned
TACGGTAGTAGTCACT_TSP4_Mammary_NA_10X_1_2,unassigned
TAGAGTCTCGTAATGC_TSP4_Mammary_NA_10X_1_2,unassigned
TAGGTTGAGAACAGGA_TSP4_Mammary_NA_10X_1_2,unassigned
TATACCTAGATTTGCC_TSP4_Mammary_NA_10X_1_2,unassigned
TATATCCCAGCGACAA_TSP4_Mammary_NA_10X_1_2,unassigned
TATTGGGAGTTTGTCG_TSP4_Mammary_NA_10X_1_2,unassigned
TATTGGGCATCACAGT_TSP4_Mammary_NA_10X_1_2,unassigned
TCAAGCAAGGTTCTTG_TSP4_Mammary_NA_10X_1_2,unassigned
TCAAGCAGTTGCCGAC_TSP4_Mammary_NA_10X_1_2,unassigned
TCACAAGGTCTTGCGG_TSP4_Mammary_NA_10X_1_2,unassigned
TCACGGGTCCATCTGC_TSP4_Mammary_NA_10X_1_2,unassigned
TCAGCCTGTTATTCCT_TSP4_Mammary_NA_10X_1_2,unassigned
TCAGGGCTCCCAGTGG_TSP4_Mammary_NA_10X_1_2,unassigned
TCAGTGAAGCAACAGC_TSP4_Mammary_NA_10X_1_2,unassigned
TCATATCTCTATGTGG_TSP4_Mammary_NA_10X_1_2,unassigned
TCATGAGGTAGCACAG_TSP4_Mammary_NA_10X_1_2,unassigned
TCATGGACATTAAAGG_TSP4_Mammary_NA_10X_1_2,unassigned
TCCATCGTCTGACAGT_TSP4_Mammary_NA_10X_1_2,unassigned
TCCATGCTCAAGGCTT_TSP4_Mammary_NA_10X_1_2,unassigned
TCCCAGTGTACGGCAA_TSP4_Mammary_NA_10X_1_2,unassigned
TCCGGGATCTATCGGA_TSP4_Mammary_NA_10X_1_2,unassigned
TCCTCTTGTAGAGTTA_TSP4_Mammary_NA_10X_1_2,unassigned
TCGAACAGTCGAATTC_TSP4_Mammary_NA_10X_1_2,unassigned
TCGACCTAGTCACTCA_TSP4_Mammary_NA_10X_1_2,unassigned
TCGACGGCAATCGTCA_TSP4_Mammary_NA_10X_1_2,unassigned
TCGATTTCAGATACTC_TSP4_Mammary_NA_10X_1_2,unassigned
TCGCACTTCATTCACT_TSP4_Mammary_NA_10X_1_2,unassigned
TCGCTCACAATCTGCA_TSP4_Mammary_NA_10X_1_2,unassigned
TCGTAGATCTCATAGG_TSP4_Mammary_NA_10X_1_2,unassigned
TCTAACTTCGCGTCGA_TSP4_Mammary_NA_10X_1_2,unassigned
TCTACCGGTCCTTAAG_TSP4_Mammary_NA_10X_1_2,unassigned
TCTATACTCCCATACC_TSP4_Mammary_NA_10X_1_2,unassigned
TCTCAGCTCTGACCCT_TSP4_Mammary_NA_10X_1_2,unassigned
TCTCCGATCGCTGTTC_TSP4_Mammary_NA_10X_1_2,unassigned
TGACAGTCACCTGTCT_TSP4_Mammary_NA_10X_1_2,unassigned
TGAGCATGTACCTATG_TSP4_Mammary_NA_10X_1_2,unassigned
TGAGGAGTCATTGTGG_TSP4_Mammary_NA_10X_1_2,unassigned
TGATCTTGTTCCTAAG_TSP4_Mammary_NA_10X_1_2,unassigned
TGATGGTAGCGTGCCT_TSP4_Mammary_NA_10X_1_2,unassigned
TGCAGATAGGAACGCT_TSP4_Mammary_NA_10X_1_2,unassigned
TGCAGATGTTGTGCAT_TSP4_Mammary_NA_10X_1_2,unassigned
TGCAGGCAGAGCAGAA_TSP4_Mammary_NA_10X_1_2,unassigned
TGCATCCAGGCAGGGA_TSP4_Mammary_NA_10X_1_2,unassigned
TGCATGAAGTTACGAA_TSP4_Mammary_NA_10X_1_2,unassigned
TGCCGAGAGGACACTG_TSP4_Mammary_NA_10X_1_2,unassigned
TGCGACGCATCGATAC_TSP4_Mammary_NA_10X_1_2,unassigned
TGGATGTAGCGGACAT_TSP4_Mammary_NA_10X_1_2,unassigned
TGGTACACAACCGCTG_TSP4_Mammary_NA_10X_1_2,unassigned
TGGTAGTCACAAGCAG_TSP4_Mammary_NA_10X_1_2,unassigned
TGGTGATAGGGATCGT_TSP4_Mammary_NA_10X_1_2,unassigned
TGTAAGCCAAGGCGTA_TSP4_Mammary_NA_10X_1_2,unassigned
TGTAAGCTCCCAACTC_TSP4_Mammary_NA_10X_1_2,unassigned
TGTACAGTCCACGAAT_TSP4_Mammary_NA_10X_1_2,unassigned
TGTGAGTCATTCACCC_TSP4_Mammary_NA_10X_1_2,unassigned
TGTTTGTGTTGTCATG_TSP4_Mammary_NA_10X_1_2,unassigned
TTACAGGCAAGGTCAG_TSP4_Mammary_NA_10X_1_2,unassigned
TTACCGCTCAGGACGA_TSP4_Mammary_NA_10X_1_2,unassigned
TTAGGCATCGCGCTGA_TSP4_Mammary_NA_10X_1_2,unassigned
TTATTGCAGATACCAA_TSP4_Mammary_NA_10X_1_2,unassigned
TTCACCGTCCTCAGGG_TSP4_Mammary_NA_10X_1_2,unassigned
TTCCTCTTCCGATAGT_TSP4_Mammary_NA_10X_1_2,unassigned
TTGACCCGTCCTATAG_TSP4_Mammary_NA_10X_1_2,unassigned
TTGCATTAGTGCAAAT_TSP4_Mammary_NA_10X_1_2,unassigned
TTTAGTCCACCGGAAA_TSP4_Mammary_NA_10X_1_2,unassigned
TTTCGATAGATAACGT_TSP4_Mammary_NA_10X_1_2,unassigned
TTTGGAGCACCGTCGA_TSP4_Mammary_NA_10X_1_2,unassigned
AATTCCTGTCCGAAGA_TSP5_Eye_NA_10X_1_2,unassigned
ACCCTTGCACCAAATC_TSP5_Eye_NA_10X_1_2,unassigned
ACGATGTTCGGCTGTG_TSP5_Eye_NA_10X_1_2,final_glia_cluster
AGAGAATTCATTGGTG_TSP5_Eye_NA_10X_1_2,unassigned
AGATCCACAACAGCTT_TSP5_Eye_NA_10X_1_2,final_glia_cluster
AGGAGGTAGAAGGGAT_TSP5_Eye_NA_10X_1_2,final_glia_cluster
CACTGTCCATGGCCAC_TSP5_Eye_NA_10X_1_2,unassigned
CAGCGTGCATGGCCAC_TSP5_Eye_NA_10X_1_2,unassigned
CCGTAGGAGCTGAAAT_TSP5_Eye_NA_10X_1_2,unassigned
CGGAATTAGACTGAGC_TSP5_Eye_NA_10X_1_2,unassigned
CTCATCGTCGAGAATA_TSP5_Eye_NA_10X_1_2,unassigned
CTGAGCGCATCTTCGC_TSP5_Eye_NA_10X_1_2,unassigned
CTTCTAACAACTGCCG_TSP5_Eye_NA_10X_1_2,unassigned
GAAGTAAAGGAATTAC_TSP5_Eye_NA_10X_1_2,unassigned
GCAACCGAGCGCCTTG_TSP5_Eye_NA_10X_1_2,unassigned
GCATCGGTCAGATTGC_TSP5_Eye_NA_10X_1_2,unassigned
GCTACAAGTTTGGGAG_TSP5_Eye_NA_10X_1_2,unassigned
GGTTGTACAAAGGCGT_TSP5_Eye_NA_10X_1_2,unassigned
GTAGGAGCATATGGCT_TSP5_Eye_NA_10X_1_2,unassigned
GTCAAACGTAAGAACT_TSP5_Eye_NA_10X_1_2,unassigned
GTGGAAGTCCATTGTT_TSP5_Eye_NA_10X_1_2,unassigned
TAACACGCACGTCGGT_TSP5_Eye_NA_10X_1_2,unassigned
TAACGACAGGGTATAT_TSP5_Eye_NA_10X_1_2,unassigned
TAAGCACCATCGTGGC_TSP5_Eye_NA_10X_1_2,unassigned
TATCTTGTCACCATAG_TSP5_Eye_NA_10X_1_2,unassigned
TCCTCTTCAGGCCCTA_TSP5_Eye_NA_10X_1_2,unassigned
TCGATTTAGACCAGAC_TSP5_Eye_NA_10X_1_2,unassigned
TGGTTAGAGACTTGTC_TSP5_Eye_NA_10X_1_2,unassigned
TTCTGTAAGAGCCGTA_TSP5_Eye_NA_10X_1_2,unassigned
TTGCGTCCATTACGGT_TSP5_Eye_NA_10X_1_2,unassigned
TCAGTTTGTAACCCGC_TSP3_Eye_Conjunctiva_10X_1_1,unassigned
TGGGAGAGTTGCAAGG_TSP3_Eye_Conjunctiva_10X_1_1,unassigned
TTGCTGCCATCCTTCG_TSP3_Eye_NA_10X_1_1_NoCornea,final_glia_cluster
ATAGAGATCGTCACCT_TSP5_Eye_NA_10X_1_1,unassigned
ATAGGCTGTGTTAACC_TSP5_Eye_NA_10X_1_1,final_glia_cluster
ATCACAGTCGAGCACC_TSP5_Eye_NA_10X_1_1,unassigned
ATGTCTTTCCGCACTT_TSP5_Eye_NA_10X_1_1,unassigned
CACCAAAGTAGACGTG_TSP5_Eye_NA_10X_1_1,unassigned
CACGTGGTCCCATTCG_TSP5_Eye_NA_10X_1_1,unassigned
CAGCAGCTCAGGAGAC_TSP5_Eye_NA_10X_1_1,unassigned
CATACAGCATCATTGG_TSP5_Eye_NA_10X_1_1,unassigned
CCCGAAGAGTGTCATC_TSP5_Eye_NA_10X_1_1,unassigned
CCCTCAACAACTTGGT_TSP5_Eye_NA_10X_1_1,unassigned
CCGGTAGAGGTTAGTA_TSP5_Eye_NA_10X_1_1,unassigned
CCTCTCCAGACTGAGC_TSP5_Eye_NA_10X_1_1,unassigned
CGAAGTTAGACCGTTT_TSP5_Eye_NA_10X_1_1,unassigned
CTCAGAACACGTGTGC_TSP5_Eye_NA_10X_1_1,unassigned
CTTCGGTTCGCAGATT_TSP5_Eye_NA_10X_1_1,unassigned
CTTGAGAAGGCATCGA_TSP5_Eye_NA_10X_1_1,unassigned
GAATCGTGTTAATCGC_TSP5_Eye_NA_10X_1_1,unassigned
GAGACCCCACTTACAG_TSP5_Eye_NA_10X_1_1,unassigned
GATCGTAAGACACACG_TSP5_Eye_NA_10X_1_1,final_glia_cluster
GATTGGTGTCTTGAGT_TSP5_Eye_NA_10X_1_1,unassigned
GGAATCTTCCACGTCT_TSP5_Eye_NA_10X_1_1,unassigned
GGCAGTCGTCTAGGTT_TSP5_Eye_NA_10X_1_1,final_glia_cluster
GGGTTATCACCTGATA_TSP5_Eye_NA_10X_1_1,unassigned
GTCTGTCCATTAAGCC_TSP5_Eye_NA_10X_1_1,unassigned
TCAATTCCACACCTTC_TSP5_Eye_NA_10X_1_1,unassigned
TCACGCTAGCAACTTC_TSP5_Eye_NA_10X_1_1,unassigned
TCACGCTTCCGACAGC_TSP5_Eye_NA_10X_1_1,unassigned
TCCTAATCACTTCATT_TSP5_Eye_NA_10X_1_1,unassigned
TCGTGGGTCAATCTCT_TSP5_Eye_NA_10X_1_1,unassigned
TGCTTCGGTGGAACCA_TSP5_Eye_NA_10X_1_1,unassigned
TTCGGTCTCTCAGTCC_TSP5_Eye_NA_10X_1_1,unassigned
TTGAACGGTATGCGGA_TSP5_Eye_NA_10X_1_1,unassigned
ACAAGCTTCGCTGCGA_TSP10_Skin_NA_10X_1_1,unassigned
ACACAGTTCGCTATTT_TSP10_Skin_NA_10X_1_1,unassigned
AGATGAAGTCCTTTGC_TSP10_Skin_NA_10X_1_1,unassigned
AGGTTACTCCCTCTCC_TSP10_Skin_NA_10X_1_1,unassigned
ATCCGTCCAGCGACAA_TSP10_Skin_NA_10X_1_1,unassigned
ATCGGCGAGAGCAACC_TSP10_Skin_NA_10X_1_1,unassigned
CCATAAGTCCAAAGGG_TSP10_Skin_NA_10X_1_1,unassigned
CCCGAAGCATGACGAG_TSP10_Skin_NA_10X_1_1,unassigned
CGATCGGAGGCGCTCT_TSP10_Skin_NA_10X_1_1,unassigned
CGGGCATAGGATACGC_TSP10_Skin_NA_10X_1_1,unassigned
CGTAGTACAGCGTGCT_TSP10_Skin_NA_10X_1_1,unassigned
CTAGGTAGTTGATGTC_TSP10_Skin_NA_10X_1_1,unassigned
CTCACTGTCGCAACAT_TSP10_Skin_NA_10X_1_1,unassigned
CTTTCGGTCTGCTAGA_TSP10_Skin_NA_10X_1_1,unassigned
GGGATCCCAGTGGGTA_TSP10_Skin_NA_10X_1_1,unassigned
GTATTGGGTCTAGTGT_TSP10_Skin_NA_10X_1_1,unassigned
TCGTGGGGTGATTCAC_TSP10_Skin_NA_10X_1_1,unassigned
TGAACGTCAGCACCCA_TSP10_Skin_NA_10X_1_1,unassigned
TGACCCTGTCAGCGTC_TSP10_Skin_NA_10X_1_1,unassigned
TGACTCCCACTGGAAG_TSP10_Skin_NA_10X_1_1,unassigned
TGATTCTAGTGTTGAA_TSP10_Skin_NA_10X_1_1,unassigned
TGCAGGCGTCCAGTTA_TSP10_Skin_NA_10X_1_1,unassigned
TGTGATGGTAGGGAGG_TSP10_Skin_NA_10X_1_1,unassigned
AAACGAACACCAAAGG_TSP10_Skin_NA_10X_1_2,unassigned
ACACAGTTCTCGGTAA_TSP10_Skin_NA_10X_1_2,unassigned
ACGGTTACAAAGTGTA_TSP10_Skin_NA_10X_1_2,unassigned
AGCTTCCAGGTTCCGC_TSP10_Skin_NA_10X_1_2,unassigned
ATCTTCACAGACAAAT_TSP10_Skin_NA_10X_1_2,unassigned
ATTCTACGTCGTAATC_TSP10_Skin_NA_10X_1_2,unassigned
CAAGAGGTCAACCTTT_TSP10_Skin_NA_10X_1_2,unassigned
CCAATGACAGGTAGTG_TSP10_Skin_NA_10X_1_2,unassigned
CCTTGTGGTTTCGGCG_TSP10_Skin_NA_10X_1_2,unassigned
CTGCATCCAAGCGCAA_TSP10_Skin_NA_10X_1_2,unassigned
CTTCGGTAGACCGTTT_TSP10_Skin_NA_10X_1_2,unassigned
TAATTCCGTATCGAGG_TSP10_Skin_NA_10X_1_2,unassigned
TCACTATAGTAAGACT_TSP10_Skin_NA_10X_1_2,unassigned
TCAGCCTTCATGTCTT_TSP10_Skin_NA_10X_1_2,unassigned
TCCATGCGTTGCGGCT_TSP10_Skin_NA_10X_1_2,unassigned
TCGACGGTCCGCTGTT_TSP10_Skin_NA_10X_1_2,unassigned
TTCGGTCCACTGATTG_TSP10_Skin_NA_10X_1_2,unassigned
TTGATGGGTTCTAAGC_TSP10_Skin_NA_10X_1_2,unassigned
ACTGCAAGTGACAGGT_TSP9_Pancreas_exocrine_10X_1_1_CellCountLive,final_glia_cluster
AGGAATACAGACGATG_TSP9_Pancreas_exocrine_10X_1_1_CellCountLive,final_glia_cluster
GCCCAGATCCTCTTTC_TSP8_Prostate_NA_10X_1_2,final_glia_cluster
TTGGTTTCAAGGGTCA_TSP8_Prostate_NA_10X_1_2,final_glia_cluster
ATGGTTGAGCCGTTGC_TSP8_Prostate_NA_10X_1_1,final_glia_cluster
TCCACCACATGACGTT_TSP8_Prostate_NA_10X_1_1,final_glia_cluster
TGGTTAGTCTGCATAG_TSP8_Prostate_NA_10X_1_1,unassigned
TSP10_Skin_abdomen_SS2_B134175_B133830_Epithelial_D7_L004,unassigned
TSP10_Skin_abdomen_SS2_B134175_B133830_Stromal_K15_L004,unassigned
TSP10_Skin_abdomen_SS2_B134175_B133830_Stromal_L13_L004,unassigned
TSP10_Skin_abdomen_SS2_B134175_B133830_Stromal_M13_L004,unassigned
TSP10_Skin_abdomen_SS2_B134175_B133830_Stromal_N23_L004,unassigned
TSP10_Skin_abdomen_SS2_B134175_B133830_Stromal_O23_L004,unassigned
TSP10_Skin_chest_SS2_B134179_B133832_Epithelial_D9_L003,unassigned
TSP10_Skin_chest_SS2_B134179_B133832_Epithelial_F15_L003,unassigned
TSP10_Skin_chest_SS2_B134179_B133832_Epithelial_H16_L003,unassigned
TSP10_Skin_chest_SS2_B134179_B133832_Epithelial_H2_L003,unassigned
TSP10_Skin_chest_SS2_B134179_B133832_Stromal_J23_L003,unassigned
TSP10_Skin_chest_SS2_B134179_B133832_Stromal_K19_L003,unassigned
TSP10_Skin_chest_SS2_B134179_B133832_Stromal_K8_L003,unassigned
TSP10_Skin_chest_SS2_B134179_B133832_Stromal_L13_L003,unassigned
TSP10_Skin_chest_SS2_B134179_B133832_Stromal_O12_L003,unassigned
TSP10_Skin_chest_SS2_B134179_B133832_Stromal_O20_L003,unassigned
TSP4_Mammary_NA_SS2_B112795_B134698_Stromal_N15_L001,unassigned
TSP4_Muscle_rectusabdominus_SS2_B114867_B134050_MuscleStemCell_G7_L004,final_glia_cluster
TSP7_Salivary_parotid_SS2_B134159_B133912_Epithelial_N22_S334,final_glia_cluster
TSP8_Prostate_NA_SS2_B134140_B134704_Epithelial_P2_L002,final_glia_cluster
CTACCCAAGTACATGA_TSP14_LymphNode_NA_10X_1_1_5Prime,unassigned
GGGCACTTCAGCATGT_TSP14_LymphNode_NA_10X_2_1_5Prime,unassigned
TGCATCCTCTGTCTCG_TSP14_SalivaryGland_Parotid_10X_1_1,final_glia_cluster
AACCCAATCTCATGCC_TSP14_SalivaryGland_Submandibular_10X_1_1,unassigned
CACAGATAGCATGGGT_TSP14_SalivaryGland_Submandibular_10X_1_1,final_glia_cluster
CTGAGGCTCGAAGCCC_TSP14_SalivaryGland_Submandibular_10X_1_1,final_glia_cluster
CTTCTAATCAGACATC_TSP14_SalivaryGland_Submandibular_10X_1_1,unassigned
AACTGGTTCCACGAAT_TSP14_Thymus_NA_10X_1_1_5Prime,unassigned
CCAATCCAGCCACGCT_TSP14_Thymus_NA_10X_1_1_5Prime,unassigned
AACTCTTGTTTCCACC_TSP14_Thymus_NA_10X_2_1_5Prime,unassigned
AAGTCTGTCTCTAGGA_TSP14_Thymus_NA_10X_2_1_5Prime,unassigned
ACAGCTACAGTATAAG_TSP14_Thymus_NA_10X_2_1_5Prime,unassigned
ACATCAGCAACAACCT_TSP14_Thymus_NA_10X_2_1_5Prime,unassigned
ACCCACTCAGTCAGCC_TSP14_Thymus_NA_10X_2_1_5Prime,unassigned
ACGATACTCAGAGCTT_TSP14_Thymus_NA_10X_2_1_5Prime,unassigned
ACGGGCTGTGCCTTGG_TSP14_Thymus_NA_10X_2_1_5Prime,unassigned
ACTTACTAGTGGGATC_TSP14_Thymus_NA_10X_2_1_5Prime,unassigned
ACTTACTCATGCATGT_TSP14_Thymus_NA_10X_2_1_5Prime,unassigned
ACTTTCACATACTACG_TSP14_Thymus_NA_10X_2_1_5Prime,final_glia_cluster
AGAGCGACACCAGCAC_TSP14_Thymus_NA_10X_2_1_5Prime,unassigned
AGCCTAAAGTATCGAA_TSP14_Thymus_NA_10X_2_1_5Prime,unassigned
AGGGATGCATCCCATC_TSP14_Thymus_NA_10X_2_1_5Prime,unassigned
AGTGGGAGTGATAAGT_TSP14_Thymus_NA_10X_2_1_5Prime,unassigned
ATCACGAAGACAAAGG_TSP14_Thymus_NA_10X_2_1_5Prime,unassigned
ATCACGACAGATGAGC_TSP14_Thymus_NA_10X_2_1_5Prime,unassigned
ATCCGAATCCTTTACA_TSP14_Thymus_NA_10X_2_1_5Prime,unassigned
ATCTACTGTAAACGCG_TSP14_Thymus_NA_10X_2_1_5Prime,unassigned
ATGTGTGCAATCTGCA_TSP14_Thymus_NA_10X_2_1_5Prime,unassigned
ATTTCTGTCTCACATT_TSP14_Thymus_NA_10X_2_1_5Prime,unassigned
CACAAACAGACCGGAT_TSP14_Thymus_NA_10X_2_1_5Prime,unassigned
CACACAATCGAATGCT_TSP14_Thymus_NA_10X_2_1_5Prime,unassigned
CACCAGGGTCACCTAA_TSP14_Thymus_NA_10X_2_1_5Prime,unassigned
CATGCCTCAGTATCTG_TSP14_Thymus_NA_10X_2_1_5Prime,unassigned
CCAATCCCAATGTAAG_TSP14_Thymus_NA_10X_2_1_5Prime,unassigned
CCACCTACAAAGAATC_TSP14_Thymus_NA_10X_2_1_5Prime,unassigned
CCACGGATCATAAAGG_TSP14_Thymus_NA_10X_2_1_5Prime,unassigned
CCTCAGTAGGCCCTCA_TSP14_Thymus_NA_10X_2_1_5Prime,unassigned
CGATTGATCACTTATC_TSP14_Thymus_NA_10X_2_1_5Prime,unassigned
CGCTGGAAGTTACGGG_TSP14_Thymus_NA_10X_2_1_5Prime,unassigned
CGCTTCACATATGCTG_TSP14_Thymus_NA_10X_2_1_5Prime,unassigned
CGTGAGCGTGTCCTCT_TSP14_Thymus_NA_10X_2_1_5Prime,unassigned
CGTGTCTTCCGTAGTA_TSP14_Thymus_NA_10X_2_1_5Prime,unassigned
CTAACTTCAGGTGCCT_TSP14_Thymus_NA_10X_2_1_5Prime,unassigned
CTACATTGTATCTGCA_TSP14_Thymus_NA_10X_2_1_5Prime,unassigned
CTACCCAGTTGCCTCT_TSP14_Thymus_NA_10X_2_1_5Prime,unassigned
CTCACACAGAAAGTGG_TSP14_Thymus_NA_10X_2_1_5Prime,unassigned
CTCGGAGCATCCGTGG_TSP14_Thymus_NA_10X_2_1_5Prime,final_glia_cluster
CTGATAGCAGATTGCT_TSP14_Thymus_NA_10X_2_1_5Prime,unassigned
CTGTTTACATGAACCT_TSP14_Thymus_NA_10X_2_1_5Prime,unassigned
GACGGCTTCTCCTATA_TSP14_Thymus_NA_10X_2_1_5Prime,unassigned
GACTACAGTGTAATGA_TSP14_Thymus_NA_10X_2_1_5Prime,unassigned
GACTGCGGTGTGCGTC_TSP14_Thymus_NA_10X_2_1_5Prime,unassigned
GAGGTGACAATCCGAT_TSP14_Thymus_NA_10X_2_1_5Prime,unassigned
GATCGCGCACCAGGCT_TSP14_Thymus_NA_10X_2_1_5Prime,unassigned
GCCTCTAAGTTCGCGC_TSP14_Thymus_NA_10X_2_1_5Prime,unassigned
GCTCTGTTCAGGTAAA_TSP14_Thymus_NA_10X_2_1_5Prime,final_glia_cluster
GCTGCGACAGTGAGTG_TSP14_Thymus_NA_10X_2_1_5Prime,unassigned
GCTGGGTAGTGTACGG_TSP14_Thymus_NA_10X_2_1_5Prime,unassigned
GGAACTTCAGCGTAAG_TSP14_Thymus_NA_10X_2_1_5Prime,unassigned
GGAATAAGTAAGTAGT_TSP14_Thymus_NA_10X_2_1_5Prime,unassigned
GGCAATTGTTAAGACA_TSP14_Thymus_NA_10X_2_1_5Prime,unassigned
GGCGTGTTCTGCCAGG_TSP14_Thymus_NA_10X_2_1_5Prime,unassigned
GGGTTGCAGTCGTTTG_TSP14_Thymus_NA_10X_2_1_5Prime,unassigned
GGTGCGTGTCAACTGT_TSP14_Thymus_NA_10X_2_1_5Prime,unassigned
GGTGCGTTCAACACCA_TSP14_Thymus_NA_10X_2_1_5Prime,unassigned
GTCAAGTCAATGGATA_TSP14_Thymus_NA_10X_2_1_5Prime,unassigned
GTCTTCGCAAACTGCT_TSP14_Thymus_NA_10X_2_1_5Prime,unassigned
GTGGGTCAGAGCTGGT_TSP14_Thymus_NA_10X_2_1_5Prime,unassigned
GTGTGCGCAAAGTGCG_TSP14_Thymus_NA_10X_2_1_5Prime,unassigned
GTGTTAGGTATCAGTC_TSP14_Thymus_NA_10X_2_1_5Prime,unassigned
TACAGTGAGTAATCCC_TSP14_Thymus_NA_10X_2_1_5Prime,unassigned
TACCTTAAGAGCTTCT_TSP14_Thymus_NA_10X_2_1_5Prime,unassigned
TATCAGGTCCTCCTAG_TSP14_Thymus_NA_10X_2_1_5Prime,unassigned
TCACAAGAGTAACCCT_TSP14_Thymus_NA_10X_2_1_5Prime,unassigned
TCAGCTCAGTGGGCTA_TSP14_Thymus_NA_10X_2_1_5Prime,unassigned
TCAGGATTCCGGGTGT_TSP14_Thymus_NA_10X_2_1_5Prime,unassigned
TCGAGGCTCCTTGACC_TSP14_Thymus_NA_10X_2_1_5Prime,unassigned
TCTGAGATCAATAAGG_TSP14_Thymus_NA_10X_2_1_5Prime,unassigned
TCTTCGGAGTCAATAG_TSP14_Thymus_NA_10X_2_1_5Prime,unassigned
TGACGGCGTGCCTGCA_TSP14_Thymus_NA_10X_2_1_5Prime,unassigned
TGACGGCGTTCCCTTG_TSP14_Thymus_NA_10X_2_1_5Prime,unassigned
TGCGCAGAGCTGTCTA_TSP14_Thymus_NA_10X_2_1_5Prime,unassigned
TGGGCGTCAAACCCAT_TSP14_Thymus_NA_10X_2_1_5Prime,unassigned
TGGGCGTCAAGGACTG_TSP14_Thymus_NA_10X_2_1_5Prime,unassigned
TGTGGTACAATAGCGG_TSP14_Thymus_NA_10X_2_1_5Prime,unassigned
TGTGTTTGTTAAAGTG_TSP14_Thymus_NA_10X_2_1_5Prime,unassigned
TGTGTTTTCGTCACGG_TSP14_Thymus_NA_10X_2_1_5Prime,unassigned
TTAGGCACATCGACGC_TSP14_Thymus_NA_10X_2_1_5Prime,unassigned
TTCTCCTCATTCTTAC_TSP14_Thymus_NA_10X_2_1_5Prime,final_glia_cluster
TTTACTGGTAAACACA_TSP14_Thymus_NA_10X_2_1_5Prime,unassigned
TTTGGTTGTTATCACG_TSP14_Thymus_NA_10X_2_1_5Prime,unassigned
AACCTTTGTTCTCCCA_TSP15_Eye_Cornea-etc_10X_1_1,unassigned
ACCAACATCCATGATG_TSP15_Eye_Cornea-etc_10X_1_1,unassigned
ACCTGAACATATCGGT_TSP15_Eye_Cornea-etc_10X_1_1,unassigned
ACGTAGTCAGCAGTAG_TSP15_Eye_Cornea-etc_10X_1_1,unassigned
ACTCCCAAGGGAGTTC_TSP15_Eye_Cornea-etc_10X_1_1,unassigned
ACTTAGGCATGACGAG_TSP15_Eye_Cornea-etc_10X_1_1,unassigned
AGACAGGGTGCAACAG_TSP15_Eye_Cornea-etc_10X_1_1,unassigned
AGCATCATCAACGCTA_TSP15_Eye_Cornea-etc_10X_1_1,unassigned
AGGGCCTCAGCTCGGT_TSP15_Eye_Cornea-etc_10X_1_1,unassigned
AGGTGTTCAGCCTACG_TSP15_Eye_Cornea-etc_10X_1_1,final_glia_cluster
AGTCAACCACTTCATT_TSP15_Eye_Cornea-etc_10X_1_1,unassigned
AGTCTCCTCAAATGAG_TSP15_Eye_Cornea-etc_10X_1_1,unassigned
ATTCCCGCAAATGGCG_TSP15_Eye_Cornea-etc_10X_1_1,unassigned
CAACAACCAACCACGC_TSP15_Eye_Cornea-etc_10X_1_1,unassigned
CAGATACCATAGAAAC_TSP15_Eye_Cornea-etc_10X_1_1,unassigned
CATGGTAGTCCCACGA_TSP15_Eye_Cornea-etc_10X_1_1,unassigned
CATTCATAGGTCTACT_TSP15_Eye_Cornea-etc_10X_1_1,unassigned
CCAATTTAGACGCAGT_TSP15_Eye_Cornea-etc_10X_1_1,unassigned
CCATAAGCAGTCGCAC_TSP15_Eye_Cornea-etc_10X_1_1,unassigned
CCCTCAAAGTCACAGG_TSP15_Eye_Cornea-etc_10X_1_1,final_glia_cluster
CCGTGAGCAGCAGTCC_TSP15_Eye_Cornea-etc_10X_1_1,unassigned
CCTAACCAGACCCTTA_TSP15_Eye_Cornea-etc_10X_1_1,unassigned
CCTCTCCTCAAATAGG_TSP15_Eye_Cornea-etc_10X_1_1,unassigned
CCTGCATAGGCTCCCA_TSP15_Eye_Cornea-etc_10X_1_1,unassigned
CCTTTGGCAGCATCTA_TSP15_Eye_Cornea-etc_10X_1_1,unassigned
CGAGAAGCAGAAGTGC_TSP15_Eye_Cornea-etc_10X_1_1,unassigned
CGGGTCACATGACCCG_TSP15_Eye_Cornea-etc_10X_1_1,unassigned
CGGTCAGAGAATTTGG_TSP15_Eye_Cornea-etc_10X_1_1,unassigned
CGTGCTTTCCAGTACA_TSP15_Eye_Cornea-etc_10X_1_1,unassigned
CTATAGGCATCGATGT_TSP15_Eye_Cornea-etc_10X_1_1,final_glia_cluster
CTCAGGGTCTATCCAT_TSP15_Eye_Cornea-etc_10X_1_1,unassigned
CTCATGCTCACCTGGG_TSP15_Eye_Cornea-etc_10X_1_1,unassigned
CTGATCCAGTTGTAAG_TSP15_Eye_Cornea-etc_10X_1_1,unassigned
CTGCCATCACGACTAT_TSP15_Eye_Cornea-etc_10X_1_1,unassigned
CTGGCAGCATGTGGCC_TSP15_Eye_Cornea-etc_10X_1_1,unassigned
GAAGAATGTCGTCATA_TSP15_Eye_Cornea-etc_10X_1_1,unassigned
GACTCAAAGGGCGAGA_TSP15_Eye_Cornea-etc_10X_1_1,unassigned
GAGCCTGAGCATATGA_TSP15_Eye_Cornea-etc_10X_1_1,unassigned
GATCGTACACCGAATT_TSP15_Eye_Cornea-etc_10X_1_1,unassigned
GCAACCGCAGGATCTT_TSP15_Eye_Cornea-etc_10X_1_1,unassigned
GCAGGCTCAGGGATAC_TSP15_Eye_Cornea-etc_10X_1_1,unassigned
GCCCGAATCTGATGGT_TSP15_Eye_Cornea-etc_10X_1_1,unassigned
GGAACCCGTATGCTTG_TSP15_Eye_Cornea-etc_10X_1_1,unassigned
GGAACCCGTCAAGCGA_TSP15_Eye_Cornea-etc_10X_1_1,unassigned
GGAGGATGTGTCCCTT_TSP15_Eye_Cornea-etc_10X_1_1,unassigned
GGGACCTGTCGGATTT_TSP15_Eye_Cornea-etc_10X_1_1,unassigned
GGGATGATCCGACATA_TSP15_Eye_Cornea-etc_10X_1_1,unassigned
GGGTAGAAGTCACGAG_TSP15_Eye_Cornea-etc_10X_1_1,unassigned
GGGTTTAGTAGCACAG_TSP15_Eye_Cornea-etc_10X_1_1,unassigned
GGTTGTATCACGACTA_TSP15_Eye_Cornea-etc_10X_1_1,final_glia_cluster
GTAGGAGCAAAGGGCT_TSP15_Eye_Cornea-etc_10X_1_1,unassigned
GTCTAGACAGGTGGAT_TSP15_Eye_Cornea-etc_10X_1_1,unassigned
GTGAGCCGTGTTCCTC_TSP15_Eye_Cornea-etc_10X_1_1,unassigned
GTGCTGGAGACCTCAT_TSP15_Eye_Cornea-etc_10X_1_1,unassigned
GTGGAAGAGAATCGAT_TSP15_Eye_Cornea-etc_10X_1_1,unassigned
TACCGAATCGAGTTGT_TSP15_Eye_Cornea-etc_10X_1_1,unassigned
TAGCACACACAGCGCT_TSP15_Eye_Cornea-etc_10X_1_1,unassigned
TCATGCCCAGCTAACT_TSP15_Eye_Cornea-etc_10X_1_1,unassigned
TCCACGTTCATTGCCC_TSP15_Eye_Cornea-etc_10X_1_1,unassigned
TCCTCTTCAACATCGT_TSP15_Eye_Cornea-etc_10X_1_1,unassigned
TCTCCGAAGTAAGACT_TSP15_Eye_Cornea-etc_10X_1_1,unassigned
TCTGCCAGTGATTGGG_TSP15_Eye_Cornea-etc_10X_1_1,unassigned
TGACGCGGTCTGTTAG_TSP15_Eye_Cornea-etc_10X_1_1,unassigned
TGATCAGGTGACTGTT_TSP15_Eye_Cornea-etc_10X_1_1,unassigned
TGCTTCGGTACTCGAT_TSP15_Eye_Cornea-etc_10X_1_1,unassigned
TGGGAAGGTCTTCCGT_TSP15_Eye_Cornea-etc_10X_1_1,unassigned
TGTCCCACATGAAGCG_TSP15_Eye_Cornea-etc_10X_1_1,unassigned
TGTGTGACACCATATG_TSP15_Eye_Cornea-etc_10X_1_1,unassigned
TGTGTGAGTGTTCCAA_TSP15_Eye_Cornea-etc_10X_1_1,unassigned
TGTTCCGTCACTGAAC_TSP15_Eye_Cornea-etc_10X_1_1,unassigned
TTAATCCCACCCTATC_TSP15_Eye_Cornea-etc_10X_1_1,unassigned
TTACGTTCAACCGACC_TSP15_Eye_Cornea-etc_10X_1_1,unassigned
TTACTGTCAGTCAGCC_TSP15_Eye_Cornea-etc_10X_1_1,unassigned
TTCTAGTCACCCTTGT_TSP15_Eye_Cornea-etc_10X_1_1,unassigned
TTGTGTTTCCTTCACG_TSP15_Eye_Cornea-etc_10X_1_1,unassigned
TTTGACTTCCAACACA_TSP15_Eye_Cornea-etc_10X_1_1,unassigned
ACACAGTGTGTAGTGG_TSP15_Eye_Sclera-etc_10X_2_1,final_glia_cluster
ATTATCCGTCTTACTT_TSP15_Eye_Sclera-etc_10X_2_1,unassigned
ATTCTACGTCATCCGG_TSP15_Eye_Sclera-etc_10X_2_1,final_glia_cluster
CAATGACGTCCACGCA_TSP15_Eye_Sclera-etc_10X_2_1,final_glia_cluster
CTCTCGATCTCTGGTC_TSP15_Eye_Sclera-etc_10X_2_1,final_glia_cluster
GACCGTGTCCTCAGGG_TSP15_Eye_Sclera-etc_10X_2_1,unassigned
GCTGAATTCCTGTTGC_TSP15_Eye_Sclera-etc_10X_2_1,unassigned
GGGTGTCAGTGCCAGA_TSP15_Eye_Sclera-etc_10X_2_1,final_glia_cluster
GTCTTTAAGAGGTGCT_TSP15_Eye_Sclera-etc_10X_2_1,unassigned
TACGGTAAGCCAGACA_TSP15_Eye_Sclera-etc_10X_2_1,unassigned
TACGGTAAGTGGAAGA_TSP15_Eye_Sclera-etc_10X_2_1,unassigned
TCACATTTCTCGCTTG_TSP15_Eye_Sclera-etc_10X_2_1,unassigned
TCATTACAGCCATATC_TSP15_Eye_Sclera-etc_10X_2_1,unassigned
TGATTCTAGCTGAGCA_TSP15_Eye_Sclera-etc_10X_2_1,final_glia_cluster
AGGACGAAGAGAGCGG_TSP14_Bladder_NA_10X_1_1,final_glia_cluster
CTAGGTACACGCAGTC_TSP14_Bladder_NA_10X_1_1,final_glia_cluster
GGGAAGTGTGGTCAAG_TSP14_Bladder_NA_10X_1_1,final_glia_cluster
TCACTATCAGGATTCT_TSP14_Bladder_NA_10X_1_1,final_glia_cluster
AAACCCACATTCAGCA_TSP14_LI_Distal_10X_1_1,final_glia_cluster
AAACGCTAGGCTCTCG_TSP14_LI_Distal_10X_1_1,final_glia_cluster
AAAGGTAAGACGTCGA_TSP14_LI_Distal_10X_1_1,final_glia_cluster
AAAGTCCTCGACACCG_TSP14_LI_Distal_10X_1_1,final_glia_cluster
AAAGTGATCACCTACC_TSP14_LI_Distal_10X_1_1,final_glia_cluster
AACCAACAGGCGCTCT_TSP14_LI_Distal_10X_1_1,final_glia_cluster
AACCAACAGTCCTACA_TSP14_LI_Distal_10X_1_1,final_glia_cluster
AACCATGGTAAGCAAT_TSP14_LI_Distal_10X_1_1,final_glia_cluster
AACCTTTTCTTCGGTC_TSP14_LI_Distal_10X_1_1,final_glia_cluster
AACTTCTAGTAGACCG_TSP14_LI_Distal_10X_1_1,final_glia_cluster
AAGGTAAAGATACATG_TSP14_LI_Distal_10X_1_1,final_glia_cluster
AAGGTAAAGTCGTCTA_TSP14_LI_Distal_10X_1_1,final_glia_cluster
AAGGTAAAGTGTACCT_TSP14_LI_Distal_10X_1_1,final_glia_cluster
AAGTGAATCCACGTAA_TSP14_LI_Distal_10X_1_1,final_glia_cluster
AATAGAGTCCGAACGC_TSP14_LI_Distal_10X_1_1,final_glia_cluster
AATCGACCACCAGACC_TSP14_LI_Distal_10X_1_1,final_glia_cluster
AATGAAGAGCGGTAAC_TSP14_LI_Distal_10X_1_1,final_glia_cluster
AATGGAACAGGATCTT_TSP14_LI_Distal_10X_1_1,final_glia_cluster
AATTCCTTCACCTGTC_TSP14_LI_Distal_10X_1_1,final_glia_cluster
ACAACCAGTGACAACG_TSP14_LI_Distal_10X_1_1,final_glia_cluster
ACACAGTCACACAGAG_TSP14_LI_Distal_10X_1_1,final_glia_cluster
ACAGGGAAGTAACCGG_TSP14_LI_Distal_10X_1_1,final_glia_cluster
ACAGGGATCCACGGGT_TSP14_LI_Distal_10X_1_1,final_glia_cluster
ACCACAATCCGTCACT_TSP14_LI_Distal_10X_1_1,final_glia_cluster
ACCATTTGTCATCTAG_TSP14_LI_Distal_10X_1_1,final_glia_cluster
ACCCAAAAGGCCACTC_TSP14_LI_Distal_10X_1_1,final_glia_cluster
ACCTGTCAGGGAGGCA_TSP14_LI_Distal_10X_1_1,final_glia_cluster
ACGCACGCAAGCAATA_TSP14_LI_Distal_10X_1_1,final_glia_cluster
ACGGAAGCATGGGCAA_TSP14_LI_Distal_10X_1_1,final_glia_cluster
ACGGTTATCCTCACCA_TSP14_LI_Distal_10X_1_1,final_glia_cluster
ACTATGGGTTGGAGGT_TSP14_LI_Distal_10X_1_1,final_glia_cluster
ACTGATGGTGTTTCTT_TSP14_LI_Distal_10X_1_1,final_glia_cluster
ACTGCAATCCGGCAAC_TSP14_LI_Distal_10X_1_1,final_glia_cluster
ACTTCCGAGTTGCTGT_TSP14_LI_Distal_10X_1_1,final_glia_cluster
ACTTTGTAGTGGCCTC_TSP14_LI_Distal_10X_1_1,final_glia_cluster
AGAAATGAGCTGACAG_TSP14_LI_Distal_10X_1_1,final_glia_cluster
AGACCATCAGGTTACT_TSP14_LI_Distal_10X_1_1,final_glia_cluster
AGACTCAGTGAGACGT_TSP14_LI_Distal_10X_1_1,final_glia_cluster
AGAGCAGTCCTCGCAT_TSP14_LI_Distal_10X_1_1,final_glia_cluster
AGATCCAAGCAAGTGC_TSP14_LI_Distal_10X_1_1,final_glia_cluster
AGCCAATCAATATCCG_TSP14_LI_Distal_10X_1_1,final_glia_cluster
AGCCAATGTCACTTCC_TSP14_LI_Distal_10X_1_1,final_glia_cluster
AGCCACGGTGTATTCG_TSP14_LI_Distal_10X_1_1,final_glia_cluster
AGCGATTTCGCCTTTG_TSP14_LI_Distal_10X_1_1,final_glia_cluster
AGCTTCCCAGCGTTTA_TSP14_LI_Distal_10X_1_1,final_glia_cluster
AGGACTTGTTGGAGAC_TSP14_LI_Distal_10X_1_1,final_glia_cluster
AGGAGGTTCCTGATAG_TSP14_LI_Distal_10X_1_1,final_glia_cluster
AGGATAAGTGTACATC_TSP14_LI_Distal_10X_1_1,final_glia_cluster
AGGATCTGTGGAAGTC_TSP14_LI_Distal_10X_1_1,final_glia_cluster
AGGCTGCAGTCAAGCG_TSP14_LI_Distal_10X_1_1,final_glia_cluster
AGGCTGCTCAGCTGTA_TSP14_LI_Distal_10X_1_1,final_glia_cluster
AGGGCCTGTCACTCAA_TSP14_LI_Distal_10X_1_1,final_glia_cluster
AGGGTGATCTTGATTC_TSP14_LI_Distal_10X_1_1,final_glia_cluster
AGTCAACAGCTGTGCC_TSP14_LI_Distal_10X_1_1,final_glia_cluster
AGTCAACTCGGTAACT_TSP14_LI_Distal_10X_1_1,final_glia_cluster
AGTCACAGTGGATCGA_TSP14_LI_Distal_10X_1_1,final_glia_cluster
AGTGCCGTCTGCATGA_TSP14_LI_Distal_10X_1_1,final_glia_cluster
ATAGACCAGCCGAACA_TSP14_LI_Distal_10X_1_1,final_glia_cluster
ATATCCTAGGAACGAA_TSP14_LI_Distal_10X_1_1,final_glia_cluster
ATGACCATCCTATTGT_TSP14_LI_Distal_10X_1_1,final_glia_cluster
ATGCATGTCGATTCCC_TSP14_LI_Distal_10X_1_1,final_glia_cluster
ATGCATGTCTCGCTCA_TSP14_LI_Distal_10X_1_1,final_glia_cluster
ATGCGATCAATTAGGA_TSP14_LI_Distal_10X_1_1,final_glia_cluster
ATGGAGGTCGAGTGGA_TSP14_LI_Distal_10X_1_1,final_glia_cluster
ATGGGAGCACGTAACT_TSP14_LI_Distal_10X_1_1,final_glia_cluster
ATGGTTGGTACGATCT_TSP14_LI_Distal_10X_1_1,final_glia_cluster
ATGTCCCTCAGTGTTG_TSP14_LI_Distal_10X_1_1,final_glia_cluster
ATTCATCTCATATGGC_TSP14_LI_Distal_10X_1_1,final_glia_cluster
ATTCCTACATTCTGTT_TSP14_LI_Distal_10X_1_1,final_glia_cluster
ATTCTACGTGACACAG_TSP14_LI_Distal_10X_1_1,final_glia_cluster
ATTTCACGTACCTAAC_TSP14_LI_Distal_10X_1_1,final_glia_cluster
ATTTCTGCACGATTCA_TSP14_LI_Distal_10X_1_1,final_glia_cluster
CAACCAAGTGAAGCGT_TSP14_LI_Distal_10X_1_1,final_glia_cluster
CAACGATTCAACTCTT_TSP14_LI_Distal_10X_1_1,final_glia_cluster
CAACGATTCTGTAACG_TSP14_LI_Distal_10X_1_1,final_glia_cluster
CAACGGCAGGTTTGAA_TSP14_LI_Distal_10X_1_1,final_glia_cluster
CAAGACTAGGTACAAT_TSP14_LI_Distal_10X_1_1,final_glia_cluster
CAATCGATCTTACCGC_TSP14_LI_Distal_10X_1_1,final_glia_cluster
CAATGACTCCCAGTGG_TSP14_LI_Distal_10X_1_1,final_glia_cluster
CAATTTCCACTCAGAT_TSP14_LI_Distal_10X_1_1,final_glia_cluster
CACAACATCTCTGGTC_TSP14_LI_Distal_10X_1_1,final_glia_cluster
CACACAACAGGCACTC_TSP14_LI_Distal_10X_1_1,final_glia_cluster
CACACAACATTCACCC_TSP14_LI_Distal_10X_1_1,final_glia_cluster
CACATGAGTATCCTTT_TSP14_LI_Distal_10X_1_1,final_glia_cluster
CACCAAAAGTTTGCTG_TSP14_LI_Distal_10X_1_1,final_glia_cluster
CACCGTTGTTCGGCGT_TSP14_LI_Distal_10X_1_1,final_glia_cluster
CACGAATTCACGGTCG_TSP14_LI_Distal_10X_1_1,final_glia_cluster
CACGGGTGTATCGAGG_TSP14_LI_Distal_10X_1_1,final_glia_cluster
CACTGAACATTCACCC_TSP14_LI_Distal_10X_1_1,final_glia_cluster
CACTGAATCGGCATAT_TSP14_LI_Distal_10X_1_1,final_glia_cluster
CAGAGCCGTCTGTCCT_TSP14_LI_Distal_10X_1_1,final_glia_cluster
CAGCAGCAGTAACGAT_TSP14_LI_Distal_10X_1_1,final_glia_cluster
CAGCCAGCAGCAGTGA_TSP14_LI_Distal_10X_1_1,final_glia_cluster
CAGGTATAGTTTCGAC_TSP14_LI_Distal_10X_1_1,final_glia_cluster
CATCCGTTCGGACAAG_TSP14_LI_Distal_10X_1_1,final_glia_cluster
CATCGTCAGTTGGACG_TSP14_LI_Distal_10X_1_1,final_glia_cluster
CATGAGTGTGTATTGC_TSP14_LI_Distal_10X_1_1,final_glia_cluster
CATGGATGTCAAAGAT_TSP14_LI_Distal_10X_1_1,final_glia_cluster
CATGGTACAGGCGAAT_TSP14_LI_Distal_10X_1_1,final_glia_cluster
CATGGTAGTCGCATCG_TSP14_LI_Distal_10X_1_1,final_glia_cluster
CATTCATTCCCTTGGT_TSP14_LI_Distal_10X_1_1,final_glia_cluster
CATTCTACAGACTGCC_TSP14_LI_Distal_10X_1_1,final_glia_cluster
CATTGAGCACTGTGTA_TSP14_LI_Distal_10X_1_1,final_glia_cluster
CATTGCCAGAGGATGA_TSP14_LI_Distal_10X_1_1,final_glia_cluster
CCACCATTCCGGTAGC_TSP14_LI_Distal_10X_1_1,final_glia_cluster
CCATCACCAACTGCCG_TSP14_LI_Distal_10X_1_1,final_glia_cluster
CCCGAAGCATGATGCT_TSP14_LI_Distal_10X_1_1,final_glia_cluster
CCGCAAGGTTAAGGAT_TSP14_LI_Distal_10X_1_1,final_glia_cluster
CCGGACAAGATCCGAG_TSP14_LI_Distal_10X_1_1,final_glia_cluster
CCGTAGGTCGTCGGGT_TSP14_LI_Distal_10X_1_1,final_glia_cluster
CCGTTCATCCCTCTAG_TSP14_LI_Distal_10X_1_1,final_glia_cluster
CCTCCTCCAGACAAAT_TSP14_LI_Distal_10X_1_1,final_glia_cluster
CCTCTAGGTCAGTCTA_TSP14_LI_Distal_10X_1_1,final_glia_cluster
CCTCTCCGTCAAACGG_TSP14_LI_Distal_10X_1_1,final_glia_cluster
CCTCTCCTCCACACAA_TSP14_LI_Distal_10X_1_1,final_glia_cluster
CCTTGTGGTTATCTGG_TSP14_LI_Distal_10X_1_1,final_glia_cluster
CCTTTGGTCATTCATC_TSP14_LI_Distal_10X_1_1,final_glia_cluster
CGAAGGAGTGGGATTG_TSP14_LI_Distal_10X_1_1,final_glia_cluster
CGAAGTTCAAGTTCCA_TSP14_LI_Distal_10X_1_1,final_glia_cluster
CGCATAATCCATGAGT_TSP14_LI_Distal_10X_1_1,final_glia_cluster
CGCATAATCTTAGTTC_TSP14_LI_Distal_10X_1_1,final_glia_cluster
CGCCATTAGATGAATC_TSP14_LI_Distal_10X_1_1,final_glia_cluster
CGCCATTCATCTCGTC_TSP14_LI_Distal_10X_1_1,final_glia_cluster
CGCCATTGTCGGCACT_TSP14_LI_Distal_10X_1_1,final_glia_cluster
CGGAATTAGGTGCCAA_TSP14_LI_Distal_10X_1_1,final_glia_cluster
CGGACACCACCCAACG_TSP14_LI_Distal_10X_1_1,final_glia_cluster
CGGACACGTAGTATAG_TSP14_LI_Distal_10X_1_1,final_glia_cluster
CGGAGAAAGTGAACAT_TSP14_LI_Distal_10X_1_1,final_glia_cluster
CGGGACTCAATGAACA_TSP14_LI_Distal_10X_1_1,final_glia_cluster
CGGGCATCAGGCGAAT_TSP14_LI_Distal_10X_1_1,final_glia_cluster
CGGTCAGAGTCGAATA_TSP14_LI_Distal_10X_1_1,final_glia_cluster
CGTGATACAACCACAT_TSP14_LI_Distal_10X_1_1,final_glia_cluster
CGTGCTTAGTGCTCAT_TSP14_LI_Distal_10X_1_1,final_glia_cluster
CGTTAGAGTCCTGTCT_TSP14_LI_Distal_10X_1_1,final_glia_cluster
CTAACTTAGGTGCCAA_TSP14_LI_Distal_10X_1_1,final_glia_cluster
CTAAGTGGTCCTACAA_TSP14_LI_Distal_10X_1_1,final_glia_cluster
CTAAGTGTCACTTTGT_TSP14_LI_Distal_10X_1_1,final_glia_cluster
CTAAGTGTCATACAGC_TSP14_LI_Distal_10X_1_1,final_glia_cluster
CTACGGGCAATCACGT_TSP14_LI_Distal_10X_1_1,final_glia_cluster
CTACGGGGTCATAAAG_TSP14_LI_Distal_10X_1_1,final_glia_cluster
CTACGGGGTCGCAACC_TSP14_LI_Distal_10X_1_1,final_glia_cluster
CTACTATTCTGTCCCA_TSP14_LI_Distal_10X_1_1,final_glia_cluster
CTAGACACACATCATG_TSP14_LI_Distal_10X_1_1,final_glia_cluster
CTAGACAGTTGACTAC_TSP14_LI_Distal_10X_1_1,final_glia_cluster
CTCAACCAGTTTGTCG_TSP14_LI_Distal_10X_1_1,final_glia_cluster
CTCAACCCATTCAGCA_TSP14_LI_Distal_10X_1_1,final_glia_cluster
CTCAGAATCGTCCTTG_TSP14_LI_Distal_10X_1_1,final_glia_cluster
CTCATGCCAAGTGGGT_TSP14_LI_Distal_10X_1_1,final_glia_cluster
CTCCAACTCAGACAAA_TSP14_LI_Distal_10X_1_1,final_glia_cluster
CTCCACACAGCTACAT_TSP14_LI_Distal_10X_1_1,final_glia_cluster
CTCCATGTCGTGACTA_TSP14_LI_Distal_10X_1_1,final_glia_cluster
CTCCCAATCATAAGGA_TSP14_LI_Distal_10X_1_1,final_glia_cluster
CTCCCTCGTATCGTAC_TSP14_LI_Distal_10X_1_1,final_glia_cluster
CTCCGATAGGATTCAA_TSP14_LI_Distal_10X_1_1,final_glia_cluster
CTCCTCCAGATAGTCA_TSP14_LI_Distal_10X_1_1,final_glia_cluster
CTCGAGGCAAGTTGGG_TSP14_LI_Distal_10X_1_1,final_glia_cluster
CTCTCGACAGACAAAT_TSP14_LI_Distal_10X_1_1,final_glia_cluster
CTGAATGGTGCCGTTG_TSP14_LI_Distal_10X_1_1,final_glia_cluster
CTGCAGGTCTTCGTGC_TSP14_LI_Distal_10X_1_1,final_glia_cluster
CTGCATCAGGTTAGTA_TSP14_LI_Distal_10X_1_1,final_glia_cluster
CTGGCAGCAGCGACAA_TSP14_LI_Distal_10X_1_1,final_glia_cluster
CTGGCAGGTGGTACAG_TSP14_LI_Distal_10X_1_1,final_glia_cluster
CTGGTCTCAGCGTGAA_TSP14_LI_Distal_10X_1_1,final_glia_cluster
CTGTATTCAATCCAGT_TSP14_LI_Distal_10X_1_1,final_glia_cluster
CTTACCGCATGCTGCG_TSP14_LI_Distal_10X_1_1,final_glia_cluster
CTTCGGTCACACGGTC_TSP14_LI_Distal_10X_1_1,final_glia_cluster
GAAGCCCAGACTAAGT_TSP14_LI_Distal_10X_1_1,final_glia_cluster
GAAGCCCAGTTGGGAC_TSP14_LI_Distal_10X_1_1,final_glia_cluster
GAATCACCACACACTA_TSP14_LI_Distal_10X_1_1,final_glia_cluster
GACATCAGTGGTCTTA_TSP14_LI_Distal_10X_1_1,final_glia_cluster
GACCCAGGTTCCCACT_TSP14_LI_Distal_10X_1_1,final_glia_cluster
GACCCTTAGCATATGA_TSP14_LI_Distal_10X_1_1,final_glia_cluster
GACCTTCCATCGAAGG_TSP14_LI_Distal_10X_1_1,final_glia_cluster
GACTCAACAAACTGCT_TSP14_LI_Distal_10X_1_1,final_glia_cluster
GACTCTCCAACCGATT_TSP14_LI_Distal_10X_1_1,final_glia_cluster
GACTCTCTCTGCGAGC_TSP14_LI_Distal_10X_1_1,final_glia_cluster
GAGAAATGTCCCACGA_TSP14_LI_Distal_10X_1_1,final_glia_cluster
GAGACTTTCGATACTG_TSP14_LI_Distal_10X_1_1,final_glia_cluster
GAGATGGCACTAGTAC_TSP14_LI_Distal_10X_1_1,final_glia_cluster
GAGCCTGGTACGAGTG_TSP14_LI_Distal_10X_1_1,final_glia_cluster
GAGCTGCCACAAATGA_TSP14_LI_Distal_10X_1_1,final_glia_cluster
GAGGCAAGTGAGATCG_TSP14_LI_Distal_10X_1_1,final_glia_cluster
GAGGCCTCACATGTTG_TSP14_LI_Distal_10X_1_1,final_glia_cluster
GAGGCCTGTACGGATG_TSP14_LI_Distal_10X_1_1,final_glia_cluster
GAGTGAGCAACCAACT_TSP14_LI_Distal_10X_1_1,final_glia_cluster
GAGTTGTTCTCTGACC_TSP14_LI_Distal_10X_1_1,final_glia_cluster
GAGTTTGGTGCCTATA_TSP14_LI_Distal_10X_1_1,final_glia_cluster
GATCACAAGGTACTGG_TSP14_LI_Distal_10X_1_1,final_glia_cluster
GATCAGTAGTGCAGCA_TSP14_LI_Distal_10X_1_1,final_glia_cluster
GATGTTGAGTAACCTC_TSP14_LI_Distal_10X_1_1,final_glia_cluster
GCACATAAGCTCCCTT_TSP14_LI_Distal_10X_1_1,final_glia_cluster
GCAGCTGAGCAGTAAT_TSP14_LI_Distal_10X_1_1,final_glia_cluster
GCAGCTGCAGAGTCTT_TSP14_LI_Distal_10X_1_1,final_glia_cluster
GCAGGCTTCCATCTAT_TSP14_LI_Distal_10X_1_1,final_glia_cluster
GCAGTTAAGCTCCCTT_TSP14_LI_Distal_10X_1_1,final_glia_cluster
GCATGATGTTTCTATC_TSP14_LI_Distal_10X_1_1,final_glia_cluster
GCCATGGGTTAAGAAC_TSP14_LI_Distal_10X_1_1,final_glia_cluster
GCCATGGTCTAGACCA_TSP14_LI_Distal_10X_1_1,final_glia_cluster
GCGAGAAGTCTGCCTT_TSP14_LI_Distal_10X_1_1,final_glia_cluster
GCTTCACAGGTGCCTC_TSP14_LI_Distal_10X_1_1,final_glia_cluster
GGAAGTGGTACGAGTG_TSP14_LI_Distal_10X_1_1,final_glia_cluster
GGAGAACTCATACGGT_TSP14_LI_Distal_10X_1_1,final_glia_cluster
GGAGAACTCTACCAGA_TSP14_LI_Distal_10X_1_1,final_glia_cluster
GGATGTTCACTCAAGT_TSP14_LI_Distal_10X_1_1,final_glia_cluster
GGCAGTCCAGCCTTCT_TSP14_LI_Distal_10X_1_1,final_glia_cluster
GGGCTCACAGTCGCAC_TSP14_LI_Distal_10X_1_1,final_glia_cluster
GGGTATTCATTAGGCT_TSP14_LI_Distal_10X_1_1,final_glia_cluster
GGGTGAACAAGCAATA_TSP14_LI_Distal_10X_1_1,final_glia_cluster
GGGTGTCCAACATACC_TSP14_LI_Distal_10X_1_1,final_glia_cluster
GGTAACTCATAGCTGT_TSP14_LI_Distal_10X_1_1,final_glia_cluster
GGTCTGGGTAAGTCAA_TSP14_LI_Distal_10X_1_1,final_glia_cluster
GGTTAACGTCCTCATC_TSP14_LI_Distal_10X_1_1,final_glia_cluster
GTAATCGTCCCATACC_TSP14_LI_Distal_10X_1_1,final_glia_cluster
GTAGAAAAGTCATCCA_TSP14_LI_Distal_10X_1_1,final_glia_cluster
GTAGGTTAGCCTTTCC_TSP14_LI_Distal_10X_1_1,final_glia_cluster
GTATTGGAGGTAGTCG_TSP14_LI_Distal_10X_1_1,final_glia_cluster
GTCAAGTTCATGCCGG_TSP14_LI_Distal_10X_1_1,final_glia_cluster
GTCATGAAGGGAGGGT_TSP14_LI_Distal_10X_1_1,final_glia_cluster
GTCCCATAGTTGAATG_TSP14_LI_Distal_10X_1_1,final_glia_cluster
GTGACGCAGGCATTTC_TSP14_LI_Distal_10X_1_1,final_glia_cluster
GTGAGGAGTAATGCTC_TSP14_LI_Distal_10X_1_1,final_glia_cluster
GTGTGATCACGTAACT_TSP14_LI_Distal_10X_1_1,final_glia_cluster
GTGTGATTCTTTCCAA_TSP14_LI_Distal_10X_1_1,final_glia_cluster
GTGTTAGTCGGACTGC_TSP14_LI_Distal_10X_1_1,final_glia_cluster
GTTAGACCACCCTTGT_TSP14_LI_Distal_10X_1_1,final_glia_cluster
GTTATGGCAGACCTAT_TSP14_LI_Distal_10X_1_1,final_glia_cluster
GTTTGGACAATTCACG_TSP14_LI_Distal_10X_1_1,final_glia_cluster
GTTTGGACAGCGTGCT_TSP14_LI_Distal_10X_1_1,final_glia_cluster
TAACACGGTATCGTTG_TSP14_LI_Distal_10X_1_1,final_glia_cluster
TAACACGGTCTAATCG_TSP14_LI_Distal_10X_1_1,final_glia_cluster
TACAACGAGAGTCGAC_TSP14_LI_Distal_10X_1_1,final_glia_cluster
TACCCGTCACGAAAGC_TSP14_LI_Distal_10X_1_1,final_glia_cluster
TACGGGCGTCCATACA_TSP14_LI_Distal_10X_1_1,final_glia_cluster
TACTTCAGTATGAAAC_TSP14_LI_Distal_10X_1_1,final_glia_cluster
TACTTGTAGGTCACAG_TSP14_LI_Distal_10X_1_1,final_glia_cluster
TAGACCAGTATGAGGC_TSP14_LI_Distal_10X_1_1,final_glia_cluster
TAGACCAGTGGCTAGA_TSP14_LI_Distal_10X_1_1,final_glia_cluster
TAGGGTTAGTCTTGGT_TSP14_LI_Distal_10X_1_1,final_glia_cluster
TATACCTCAAACTAAG_TSP14_LI_Distal_10X_1_1,final_glia_cluster
TATCTGTGTAGACAAT_TSP14_LI_Distal_10X_1_1,final_glia_cluster
TCAATTCTCCTCTCTT_TSP14_LI_Distal_10X_1_1,final_glia_cluster
TCACATTTCCAAAGGG_TSP14_LI_Distal_10X_1_1,final_glia_cluster
TCAGCCTTCGGCCCAA_TSP14_LI_Distal_10X_1_1,final_glia_cluster
TCAGTCCTCCAAGGGA_TSP14_LI_Distal_10X_1_1,final_glia_cluster
TCAGTGAGTTAGGGTG_TSP14_LI_Distal_10X_1_1,final_glia_cluster
TCAGTTTGTCATTCCC_TSP14_LI_Distal_10X_1_1,final_glia_cluster
TCATACTAGCTTCATG_TSP14_LI_Distal_10X_1_1,final_glia_cluster
TCATATCGTACATACC_TSP14_LI_Distal_10X_1_1,final_glia_cluster
TCATGCCGTCAAACGG_TSP14_LI_Distal_10X_1_1,final_glia_cluster
TCATGGAGTTCGAAGG_TSP14_LI_Distal_10X_1_1,final_glia_cluster
TCATTACCATCAGCGC_TSP14_LI_Distal_10X_1_1,final_glia_cluster
TCATTGTCATCTCGTC_TSP14_LI_Distal_10X_1_1,final_glia_cluster
TCCCACATCTTCGTAT_TSP14_LI_Distal_10X_1_1,final_glia_cluster
TCCCAGTCATCTAACG_TSP14_LI_Distal_10X_1_1,final_glia_cluster
TCCCATGGTGACACGA_TSP14_LI_Distal_10X_1_1,final_glia_cluster
TCCGATCTCCACCCTA_TSP14_LI_Distal_10X_1_1,final_glia_cluster
TCCGTGTCAGTCGCTG_TSP14_LI_Distal_10X_1_1,final_glia_cluster
TCCTAATGTCAAAGAT_TSP14_LI_Distal_10X_1_1,final_glia_cluster
TCCTGCAAGGGCGAAG_TSP14_LI_Distal_10X_1_1,final_glia_cluster
TCCTTCTAGACCTCAT_TSP14_LI_Distal_10X_1_1,final_glia_cluster
TCCTTCTCAACCACAT_TSP14_LI_Distal_10X_1_1,final_glia_cluster
TCCTTCTTCAGGGTAG_TSP14_LI_Distal_10X_1_1,final_glia_cluster
TCGGATATCTTAGGAC_TSP14_LI_Distal_10X_1_1,final_glia_cluster
TCGGGCAGTTCAATCG_TSP14_LI_Distal_10X_1_1,final_glia_cluster
TCTACCGAGTAAACGT_TSP14_LI_Distal_10X_1_1,final_glia_cluster
TCTCACGCATGAGATA_TSP14_LI_Distal_10X_1_1,final_glia_cluster
TCTCAGCGTCTCCCTA_TSP14_LI_Distal_10X_1_1,final_glia_cluster
TCTGCCAGTGGTTTAC_TSP14_LI_Distal_10X_1_1,final_glia_cluster
TCTGCCATCTTAGCCC_TSP14_LI_Distal_10X_1_1,final_glia_cluster
TCTTCCTTCCGAAATC_TSP14_LI_Distal_10X_1_1,final_glia_cluster
TGACCCTAGTATGGCG_TSP14_LI_Distal_10X_1_1,final_glia_cluster
TGACGCGCATTCTTCA_TSP14_LI_Distal_10X_1_1,final_glia_cluster
TGAGGGATCGCCTATC_TSP14_LI_Distal_10X_1_1,final_glia_cluster
TGAGTCAGTCCGCAGT_TSP14_LI_Distal_10X_1_1,final_glia_cluster
TGCGACGGTTGACTAC_TSP14_LI_Distal_10X_1_1,final_glia_cluster
TGCGGCACAATCACGT_TSP14_LI_Distal_10X_1_1,final_glia_cluster
TGCTGAACACAGTGAG_TSP14_LI_Distal_10X_1_1,final_glia_cluster
TGCTTCGCAGATCATC_TSP14_LI_Distal_10X_1_1,final_glia_cluster
TGGAGGAAGCTAGAAT_TSP14_LI_Distal_10X_1_1,final_glia_cluster
TGGATCATCACGGGAA_TSP14_LI_Distal_10X_1_1,final_glia_cluster
TGGCGTGTCCCATACC_TSP14_LI_Distal_10X_1_1,final_glia_cluster
TGGGAGAAGGCATGCA_TSP14_LI_Distal_10X_1_1,final_glia_cluster
TGGGATTCAAGAGGCT_TSP14_LI_Distal_10X_1_1,final_glia_cluster
TGGTAGTTCGACGCTG_TSP14_LI_Distal_10X_1_1,final_glia_cluster
TGTAAGCAGATTAGAC_TSP14_LI_Distal_10X_1_1,final_glia_cluster
TGTGTGAGTAGTCACT_TSP14_LI_Distal_10X_1_1,final_glia_cluster
TGTTCATAGGCTTAGG_TSP14_LI_Distal_10X_1_1,final_glia_cluster
TGTTCCGCACACACTA_TSP14_LI_Distal_10X_1_1,final_glia_cluster
TGTTGAGCACAGAAGC_TSP14_LI_Distal_10X_1_1,final_glia_cluster
TGTTTGTGTTCCGTTC_TSP14_LI_Distal_10X_1_1,final_glia_cluster
TTAATCCAGGAGGGTG_TSP14_LI_Distal_10X_1_1,final_glia_cluster
TTACGCCAGCCATTCA_TSP14_LI_Distal_10X_1_1,final_glia_cluster
TTAGGGTCACTCCACT_TSP14_LI_Distal_10X_1_1,final_glia_cluster
TTCACCGGTATCGATC_TSP14_LI_Distal_10X_1_1,final_glia_cluster
TTCAGGAGTCACTACA_TSP14_LI_Distal_10X_1_1,final_glia_cluster
TTCATTGAGAGCGACT_TSP14_LI_Distal_10X_1_1,final_glia_cluster
TTCCACGGTTCGGCCA_TSP14_LI_Distal_10X_1_1,final_glia_cluster
TTCCGGTCATCGCTGG_TSP14_LI_Distal_10X_1_1,final_glia_cluster
TTCCGTGTCGGCATAT_TSP14_LI_Distal_10X_1_1,final_glia_cluster
TTCCTAACAAAGCTCT_TSP14_LI_Distal_10X_1_1,final_glia_cluster
TTCCTCTGTCCCGCAA_TSP14_LI_Distal_10X_1_1,final_glia_cluster
TTCTAACGTCTCGGAC_TSP14_LI_Distal_10X_1_1,final_glia_cluster
TTCTCTCCAAATGGCG_TSP14_LI_Distal_10X_1_1,final_glia_cluster
TTGAGTGAGTTCACTG_TSP14_LI_Distal_10X_1_1,final_glia_cluster
TTGATGGTCGCACTCT_TSP14_LI_Distal_10X_1_1,final_glia_cluster
TTGGGATAGTAGGCCA_TSP14_LI_Distal_10X_1_1,final_glia_cluster
TTGGGCGTCTAGTTCT_TSP14_LI_Distal_10X_1_1,final_glia_cluster
TTGTGTTTCACTGGTA_TSP14_LI_Distal_10X_1_1,final_glia_cluster
TTTACCACATAGAGGC_TSP14_LI_Distal_10X_1_1,final_glia_cluster
TTTACTGTCCATCTCG_TSP14_LI_Distal_10X_1_1,final_glia_cluster
TTTAGTCAGCATTGAA_TSP14_LI_Distal_10X_1_1,final_glia_cluster
TTTATGCAGGGATGTC_TSP14_LI_Distal_10X_1_1,final_glia_cluster
TTTCATGAGCCTGTGC_TSP14_LI_Distal_10X_1_1,final_glia_cluster
AAAGAACTCCGCAGTG_TSP14_LI_Proximal_10X_1_1,final_glia_cluster
AAATGGACAGCGTAGA_TSP14_LI_Proximal_10X_1_1,final_glia_cluster
AACAAAGCAACATACC_TSP14_LI_Proximal_10X_1_1,final_glia_cluster
AACAAAGTCGATCCAA_TSP14_LI_Proximal_10X_1_1,final_glia_cluster
AACAAGACATGAGAAT_TSP14_LI_Proximal_10X_1_1,final_glia_cluster
AACAAGATCCAATCCC_TSP14_LI_Proximal_10X_1_1,final_glia_cluster
AACCTTTAGAAGGTAG_TSP14_LI_Proximal_10X_1_1,final_glia_cluster
AACGTCACAGTAGAAT_TSP14_LI_Proximal_10X_1_1,final_glia_cluster
AAGCCATAGACCAAAT_TSP14_LI_Proximal_10X_1_1,final_glia_cluster
AAGGAATCATCCAATG_TSP14_LI_Proximal_10X_1_1,final_glia_cluster
AAGTCGTTCGAACTCA_TSP14_LI_Proximal_10X_1_1,final_glia_cluster
AATCGTGCAGACCAAG_TSP14_LI_Proximal_10X_1_1,final_glia_cluster
AATGAAGCAGTTGTTG_TSP14_LI_Proximal_10X_1_1,final_glia_cluster
AATGAAGTCGTTAGAC_TSP14_LI_Proximal_10X_1_1,final_glia_cluster
AATGGAAGTAGGAGTC_TSP14_LI_Proximal_10X_1_1,final_glia_cluster
AATGGCTGTTAACAGA_TSP14_LI_Proximal_10X_1_1,final_glia_cluster
AATGGCTTCTACTATC_TSP14_LI_Proximal_10X_1_1,final_glia_cluster
ACACCAACACCGGAAA_TSP14_LI_Proximal_10X_1_1,final_glia_cluster
ACACTGAGTCATACCA_TSP14_LI_Proximal_10X_1_1,final_glia_cluster
ACAGAAACATAACAGA_TSP14_LI_Proximal_10X_1_1,final_glia_cluster
ACCCAAACAGAGGGTT_TSP14_LI_Proximal_10X_1_1,final_glia_cluster
ACCCTTGGTTAACAGA_TSP14_LI_Proximal_10X_1_1,final_glia_cluster
ACCTGAATCACATACG_TSP14_LI_Proximal_10X_1_1,final_glia_cluster
ACCTGTCCAGACACAG_TSP14_LI_Proximal_10X_1_1,final_glia_cluster
ACGATCAAGTTGTACC_TSP14_LI_Proximal_10X_1_1,final_glia_cluster
ACGATGTAGAGGTTAT_TSP14_LI_Proximal_10X_1_1,final_glia_cluster
ACGATGTGTGCACAAG_TSP14_LI_Proximal_10X_1_1,final_glia_cluster
ACGGTTAAGCGTCAAG_TSP14_LI_Proximal_10X_1_1,final_glia_cluster
ACGGTTATCTAGACAC_TSP14_LI_Proximal_10X_1_1,final_glia_cluster
ACGTCCTTCTCATTGT_TSP14_LI_Proximal_10X_1_1,final_glia_cluster
ACTATGGCATCCTTCG_TSP14_LI_Proximal_10X_1_1,final_glia_cluster
ACTATGGGTGGTAACG_TSP14_LI_Proximal_10X_1_1,final_glia_cluster
ACTGTCCAGACGGATC_TSP14_LI_Proximal_10X_1_1,final_glia_cluster
ACTTATCAGATTTGCC_TSP14_LI_Proximal_10X_1_1,final_glia_cluster
ACTTTGTGTGGACCAA_TSP14_LI_Proximal_10X_1_1,final_glia_cluster
AGAACAAAGGTCACCC_TSP14_LI_Proximal_10X_1_1,final_glia_cluster
AGAACAACATCGATGT_TSP14_LI_Proximal_10X_1_1,final_glia_cluster
AGAACAACATTACTCT_TSP14_LI_Proximal_10X_1_1,final_glia_cluster
AGAACCTCAGAACGCA_TSP14_LI_Proximal_10X_1_1,final_glia_cluster
AGAAGCGAGTGCCCGT_TSP14_LI_Proximal_10X_1_1,final_glia_cluster
AGACAGGTCATCTCTA_TSP14_LI_Proximal_10X_1_1,final_glia_cluster
AGAGCAGTCACGAACT_TSP14_LI_Proximal_10X_1_1,final_glia_cluster
AGATGAAGTAGGAAAG_TSP14_LI_Proximal_10X_1_1,final_glia_cluster
AGCGCTGTCCGATGCG_TSP14_LI_Proximal_10X_1_1,final_glia_cluster
AGGGTGACATGGGAAC_TSP14_LI_Proximal_10X_1_1,final_glia_cluster
AGTAGTCAGCGCTGAA_TSP14_LI_Proximal_10X_1_1,final_glia_cluster
AGTTCCCGTTGCGGAA_TSP14_LI_Proximal_10X_1_1,final_glia_cluster
ATACCTTTCATAGCAC_TSP14_LI_Proximal_10X_1_1,final_glia_cluster
ATACTTCTCTGTTGGA_TSP14_LI_Proximal_10X_1_1,final_glia_cluster
ATAGACCGTGAGGATC_TSP14_LI_Proximal_10X_1_1,final_glia_cluster
ATCCATTCATTGAAGA_TSP14_LI_Proximal_10X_1_1,final_glia_cluster
ATCCATTTCCTCGATC_TSP14_LI_Proximal_10X_1_1,final_glia_cluster
ATCCTATGTGTCTCCT_TSP14_LI_Proximal_10X_1_1,final_glia_cluster
ATCGATGAGGAACTAT_TSP14_LI_Proximal_10X_1_1,final_glia_cluster
ATCGCCTAGCGTTAGG_TSP14_LI_Proximal_10X_1_1,final_glia_cluster
ATCGCCTCAATGAACA_TSP14_LI_Proximal_10X_1_1,final_glia_cluster
ATCGTAGTCTCCACTG_TSP14_LI_Proximal_10X_1_1,final_glia_cluster
ATCGTCCCAAATGAAC_TSP14_LI_Proximal_10X_1_1,final_glia_cluster
ATGAAAGAGTATGGCG_TSP14_LI_Proximal_10X_1_1,final_glia_cluster
ATGACCAGTGTTCGAT_TSP14_LI_Proximal_10X_1_1,final_glia_cluster
ATGAGGGGTCGTTGCG_TSP14_LI_Proximal_10X_1_1,final_glia_cluster
ATTGTTCGTCCCGGTA_TSP14_LI_Proximal_10X_1_1,final_glia_cluster
CAACGGCGTGCGTCGT_TSP14_LI_Proximal_10X_1_1,final_glia_cluster
CAACGGCGTGGCTTAT_TSP14_LI_Proximal_10X_1_1,final_glia_cluster
CAATGACAGTACCATC_TSP14_LI_Proximal_10X_1_1,final_glia_cluster
CAATTTCTCGGCTTCT_TSP14_LI_Proximal_10X_1_1,final_glia_cluster
CACCAAAGTATCGCAT_TSP14_LI_Proximal_10X_1_1,final_glia_cluster
CACCAAAGTGTATCCA_TSP14_LI_Proximal_10X_1_1,final_glia_cluster
CACGTGGAGACATAAC_TSP14_LI_Proximal_10X_1_1,final_glia_cluster
CAGAGCCCAAAGAACT_TSP14_LI_Proximal_10X_1_1,final_glia_cluster
CAGATACCAACCCTAA_TSP14_LI_Proximal_10X_1_1,final_glia_cluster
CAGATTGCAACACTAC_TSP14_LI_Proximal_10X_1_1,final_glia_cluster
CAGCAGCTCACCCTTG_TSP14_LI_Proximal_10X_1_1,final_glia_cluster
CAGCGTGAGCACACAG_TSP14_LI_Proximal_10X_1_1,final_glia_cluster
CAGCGTGTCATCGGGC_TSP14_LI_Proximal_10X_1_1,final_glia_cluster
CAGGTATCACGTCATA_TSP14_LI_Proximal_10X_1_1,final_glia_cluster
CAGGTATGTTTCCCAC_TSP14_LI_Proximal_10X_1_1,final_glia_cluster
CAGGTATTCGTAGGGA_TSP14_LI_Proximal_10X_1_1,final_glia_cluster
CATGCCTTCCACACAA_TSP14_LI_Proximal_10X_1_1,final_glia_cluster
CATTGTTCATATCGGT_TSP14_LI_Proximal_10X_1_1,final_glia_cluster
CCAAGCGAGGTCGTCC_TSP14_LI_Proximal_10X_1_1,final_glia_cluster
CCACAAATCCATTGTT_TSP14_LI_Proximal_10X_1_1,final_glia_cluster
CCATAAGCATTGTGCA_TSP14_LI_Proximal_10X_1_1,final_glia_cluster
CCCAACTCAAGCCTGC_TSP14_LI_Proximal_10X_1_1,final_glia_cluster
CCCTCTCAGTTTGCTG_TSP14_LI_Proximal_10X_1_1,final_glia_cluster
CCGAACGGTATCAGCT_TSP14_LI_Proximal_10X_1_1,final_glia_cluster
CCGGGTAGTAGGTCAG_TSP14_LI_Proximal_10X_1_1,final_glia_cluster
CCTAACCTCGACATTG_TSP14_LI_Proximal_10X_1_1,final_glia_cluster
CCTATCGAGGTTCTAC_TSP14_LI_Proximal_10X_1_1,final_glia_cluster
CCTATCGTCACTACTT_TSP14_LI_Proximal_10X_1_1,final_glia_cluster
CCTTGTGTCCGCATAA_TSP14_LI_Proximal_10X_1_1,final_glia_cluster
CCTTTGGCACTAACCA_TSP14_LI_Proximal_10X_1_1,final_glia_cluster
CGCCATTTCGCGGACT_TSP14_LI_Proximal_10X_1_1,final_glia_cluster
CGCGTGACAGCGTATT_TSP14_LI_Proximal_10X_1_1,final_glia_cluster
CGGAGAAAGCCGATCC_TSP14_LI_Proximal_10X_1_1,final_glia_cluster
CGGGCATAGAATCGCG_TSP14_LI_Proximal_10X_1_1,final_glia_cluster
CGGGTGTTCTACGCGG_TSP14_LI_Proximal_10X_1_1,final_glia_cluster
CGGTCAGCAATTGCGT_TSP14_LI_Proximal_10X_1_1,final_glia_cluster
CGTAAGTAGGGCAACT_TSP14_LI_Proximal_10X_1_1,final_glia_cluster
CGTAGTAGTTCAAGTC_TSP14_LI_Proximal_10X_1_1,final_glia_cluster
CTAACTTTCAGGTGTT_TSP14_LI_Proximal_10X_1_1,final_glia_cluster
CTACCTGTCCAACCGG_TSP14_LI_Proximal_10X_1_1,final_glia_cluster
CTACTATGTAACTAAG_TSP14_LI_Proximal_10X_1_1,final_glia_cluster
CTCCACAGTAACGGTG_TSP14_LI_Proximal_10X_1_1,final_glia_cluster
CTCTCGAAGCACGGAT_TSP14_LI_Proximal_10X_1_1,final_glia_cluster
CTCTGGTTCATGCATG_TSP14_LI_Proximal_10X_1_1,final_glia_cluster
CTGAGCGCATGTGTCA_TSP14_LI_Proximal_10X_1_1,final_glia_cluster
CTGCTCACAGGACAGT_TSP14_LI_Proximal_10X_1_1,final_glia_cluster
CTGTAGACAGAGGGTT_TSP14_LI_Proximal_10X_1_1,final_glia_cluster
CTGTATTAGCGTGTCC_TSP14_LI_Proximal_10X_1_1,final_glia_cluster
CTGTGAAGTAGTATAG_TSP14_LI_Proximal_10X_1_1,final_glia_cluster
CTTACCGGTTGCCGCA_TSP14_LI_Proximal_10X_1_1,final_glia_cluster
CTTAGGAGTTTACGTG_TSP14_LI_Proximal_10X_1_1,final_glia_cluster
CTTGATTGTCGAGTTT_TSP14_LI_Proximal_10X_1_1,final_glia_cluster
CTTTCGGGTATGAGCG_TSP14_LI_Proximal_10X_1_1,final_glia_cluster
GAAATGAGTAACTAAG_TSP14_LI_Proximal_10X_1_1,final_glia_cluster
GAACTGTTCGTCGGGT_TSP14_LI_Proximal_10X_1_1,final_glia_cluster
GAAGAATAGACGCCCT_TSP14_LI_Proximal_10X_1_1,final_glia_cluster
GACATCATCGTTAGAC_TSP14_LI_Proximal_10X_1_1,final_glia_cluster
GACCGTGAGATTCGAA_TSP14_LI_Proximal_10X_1_1,final_glia_cluster
GACCTTCTCAAGTCTG_TSP14_LI_Proximal_10X_1_1,final_glia_cluster
GAGGGTATCGGACGTC_TSP14_LI_Proximal_10X_1_1,final_glia_cluster
GAGTGAGCACGGTAGA_TSP14_LI_Proximal_10X_1_1,final_glia_cluster
GAGTGAGGTCTGTAAC_TSP14_LI_Proximal_10X_1_1,final_glia_cluster
GATAGAAGTGCTTATG_TSP14_LI_Proximal_10X_1_1,final_glia_cluster
GATCATGTCGTGCAGC_TSP14_LI_Proximal_10X_1_1,final_glia_cluster
GATGACTCACTTGAGT_TSP14_LI_Proximal_10X_1_1,final_glia_cluster
GATGGAGAGTAAACTG_TSP14_LI_Proximal_10X_1_1,final_glia_cluster
GATTCTTCACTCCTTG_TSP14_LI_Proximal_10X_1_1,final_glia_cluster
GCATTAGGTTCTGAGT_TSP14_LI_Proximal_10X_1_1,final_glia_cluster
GCCATGGTCGCGTTTC_TSP14_LI_Proximal_10X_1_1,final_glia_cluster
GCCGTGATCCACAGGC_TSP14_LI_Proximal_10X_1_1,final_glia_cluster
GCCGTGATCTACACAG_TSP14_LI_Proximal_10X_1_1,final_glia_cluster
GCGGAAAGTATGAAGT_TSP14_LI_Proximal_10X_1_1,final_glia_cluster
GCTACAACACTTCTCG_TSP14_LI_Proximal_10X_1_1,final_glia_cluster
GGAGCAATCAGCTGTA_TSP14_LI_Proximal_10X_1_1,final_glia_cluster
GGCTGTGTCCACACAA_TSP14_LI_Proximal_10X_1_1,final_glia_cluster
GGCTTGGCACAGCATT_TSP14_LI_Proximal_10X_1_1,final_glia_cluster
GGGACTCCAAGGGCAT_TSP14_LI_Proximal_10X_1_1,final_glia_cluster
GGGAGTATCCTCGCAT_TSP14_LI_Proximal_10X_1_1,final_glia_cluster
GGGCTACGTGCGAGTA_TSP14_LI_Proximal_10X_1_1,final_glia_cluster
GGGCTCAGTCTAACGT_TSP14_LI_Proximal_10X_1_1,final_glia_cluster
GGGTATTAGTGCGTCC_TSP14_LI_Proximal_10X_1_1,final_glia_cluster
GGTTAACCACAGTCAT_TSP14_LI_Proximal_10X_1_1,final_glia_cluster
GGTTGTAGTGTCCGGT_TSP14_LI_Proximal_10X_1_1,final_glia_cluster
GTAATCGAGTCACACT_TSP14_LI_Proximal_10X_1_1,final_glia_cluster
GTAGAAATCGTGGTAT_TSP14_LI_Proximal_10X_1_1,final_glia_cluster
GTAGGTTTCTCAAAGC_TSP14_LI_Proximal_10X_1_1,final_glia_cluster
GTCATCCCATTGCCGG_TSP14_LI_Proximal_10X_1_1,final_glia_cluster
GTCCTCAAGGCCCAAA_TSP14_LI_Proximal_10X_1_1,final_glia_cluster
GTCGTAAAGGTGCATG_TSP14_LI_Proximal_10X_1_1,final_glia_cluster
GTCTAGATCTATGCCC_TSP14_LI_Proximal_10X_1_1,final_glia_cluster
GTCTGTCCATCACGGC_TSP14_LI_Proximal_10X_1_1,final_glia_cluster
GTCTTTATCTAACGCA_TSP14_LI_Proximal_10X_1_1,final_glia_cluster
GTGACGCCAGGTGTGA_TSP14_LI_Proximal_10X_1_1,final_glia_cluster
GTGACGCTCTGAGAAA_TSP14_LI_Proximal_10X_1_1,final_glia_cluster
GTGATGTGTCACAGTT_TSP14_LI_Proximal_10X_1_1,final_glia_cluster
GTGCAGCGTGTTACTG_TSP14_LI_Proximal_10X_1_1,final_glia_cluster
GTGGAGACAGTGAGCA_TSP14_LI_Proximal_10X_1_1,final_glia_cluster
GTGTAACCAAGAGATT_TSP14_LI_Proximal_10X_1_1,final_glia_cluster
GTGTGATGTCCTGTCT_TSP14_LI_Proximal_10X_1_1,final_glia_cluster
GTGTTAGGTACCCACG_TSP14_LI_Proximal_10X_1_1,final_glia_cluster
GTGTTAGGTATTGAGA_TSP14_LI_Proximal_10X_1_1,final_glia_cluster
GTTACAGAGGGAGATA_TSP14_LI_Proximal_10X_1_1,final_glia_cluster
GTTCCGTAGGGATCTG_TSP14_LI_Proximal_10X_1_1,final_glia_cluster
GTTCCGTGTCGGTAAG_TSP14_LI_Proximal_10X_1_1,final_glia_cluster
GTTCGCTTCTCGTGGG_TSP14_LI_Proximal_10X_1_1,final_glia_cluster
GTTGCGGCACTGGATT_TSP14_LI_Proximal_10X_1_1,final_glia_cluster
GTTGCTCAGTTGTCAC_TSP14_LI_Proximal_10X_1_1,final_glia_cluster
GTTGTAGGTTGACGGA_TSP14_LI_Proximal_10X_1_1,final_glia_cluster
GTTTGGAAGGTTGCCC_TSP14_LI_Proximal_10X_1_1,final_glia_cluster
TAACGACCAAGAGGCT_TSP14_LI_Proximal_10X_1_1,final_glia_cluster
TAACGACTCCCAGCGA_TSP14_LI_Proximal_10X_1_1,final_glia_cluster
TAACTTCTCTGGCCGA_TSP14_LI_Proximal_10X_1_1,final_glia_cluster
TAATTCCGTACCGGCT_TSP14_LI_Proximal_10X_1_1,final_glia_cluster
TACCCACGTATCGGTT_TSP14_LI_Proximal_10X_1_1,final_glia_cluster
TATATCCAGACTCGAG_TSP14_LI_Proximal_10X_1_1,final_glia_cluster
TATCGCCTCAAGATAG_TSP14_LI_Proximal_10X_1_1,final_glia_cluster
TATCTGTCACGTACTA_TSP14_LI_Proximal_10X_1_1,final_glia_cluster
TATTGGGGTATCCTTT_TSP14_LI_Proximal_10X_1_1,final_glia_cluster
TCAATCTAGTGAGCCA_TSP14_LI_Proximal_10X_1_1,final_glia_cluster
TCAATCTCAGTGCCTG_TSP14_LI_Proximal_10X_1_1,final_glia_cluster
TCAATCTGTCTGGTTA_TSP14_LI_Proximal_10X_1_1,final_glia_cluster
TCACGCTTCCGCATAA_TSP14_LI_Proximal_10X_1_1,final_glia_cluster
TCAGTCCTCAAGTGTC_TSP14_LI_Proximal_10X_1_1,final_glia_cluster
TCAGTTTTCCACTGAA_TSP14_LI_Proximal_10X_1_1,final_glia_cluster
TCATTCATCAATCCGA_TSP14_LI_Proximal_10X_1_1,final_glia_cluster
TCATTGTTCGTGTCAA_TSP14_LI_Proximal_10X_1_1,final_glia_cluster
TCCTCCCTCTATACTC_TSP14_LI_Proximal_10X_1_1,final_glia_cluster
TCCTCTTTCCTACGGG_TSP14_LI_Proximal_10X_1_1,final_glia_cluster
TCGACCTCAATTGCAC_TSP14_LI_Proximal_10X_1_1,final_glia_cluster
TCGGATATCTACACAG_TSP14_LI_Proximal_10X_1_1,final_glia_cluster
TCGTAGAAGGTTCAGG_TSP14_LI_Proximal_10X_1_1,final_glia_cluster
TCGTGCTGTTGGCCTG_TSP14_LI_Proximal_10X_1_1,final_glia_cluster
TCTGTCGTCGATGGAG_TSP14_LI_Proximal_10X_1_1,final_glia_cluster
TGAATGCCAAAGGCTG_TSP14_LI_Proximal_10X_1_1,final_glia_cluster
TGATTCTGTATGCGTT_TSP14_LI_Proximal_10X_1_1,final_glia_cluster
TGCACGGCACCATTCC_TSP14_LI_Proximal_10X_1_1,final_glia_cluster
TGCATGAGTTTGGGTT_TSP14_LI_Proximal_10X_1_1,final_glia_cluster
TGCGATACAAAGGCAC_TSP14_LI_Proximal_10X_1_1,final_glia_cluster
TGCTCCAAGAGTCGAC_TSP14_LI_Proximal_10X_1_1,final_glia_cluster
TGGCGTGGTTGCTTGA_TSP14_LI_Proximal_10X_1_1,final_glia_cluster
TGGCGTGTCAAGCCAT_TSP14_LI_Proximal_10X_1_1,final_glia_cluster
TGGGCGTAGACGCTCC_TSP14_LI_Proximal_10X_1_1,final_glia_cluster
TGGGTTAAGGTGCCTC_TSP14_LI_Proximal_10X_1_1,final_glia_cluster
TGGTAGTAGGGCGAGA_TSP14_LI_Proximal_10X_1_1,final_glia_cluster
TGGTAGTCAACTGAAA_TSP14_LI_Proximal_10X_1_1,final_glia_cluster
TGGTGATGTGTTCGAT_TSP14_LI_Proximal_10X_1_1,final_glia_cluster
TGTCCCAAGCTTAAGA_TSP14_LI_Proximal_10X_1_1,final_glia_cluster
TGTTTGTTCGGTCATA_TSP14_LI_Proximal_10X_1_1,final_glia_cluster
TTACGTTAGTAGAATC_TSP14_LI_Proximal_10X_1_1,final_glia_cluster
TTAGGCATCCTGGGAC_TSP14_LI_Proximal_10X_1_1,final_glia_cluster
TTAGGGTGTTCACGAT_TSP14_LI_Proximal_10X_1_1,final_glia_cluster
TTATTGCTCACTCACC_TSP14_LI_Proximal_10X_1_1,final_glia_cluster
TTCATTGAGACCTGGA_TSP14_LI_Proximal_10X_1_1,final_glia_cluster
TTCCAATTCTTGGTGA_TSP14_LI_Proximal_10X_1_1,final_glia_cluster
TTCCTAAAGATCGCTT_TSP14_LI_Proximal_10X_1_1,final_glia_cluster
TTCCTAAAGCAGGCTA_TSP14_LI_Proximal_10X_1_1,final_glia_cluster
TTCCTAACACTGTGTA_TSP14_LI_Proximal_10X_1_1,final_glia_cluster
TTCTCTCCAAGATCCT_TSP14_LI_Proximal_10X_1_1,final_glia_cluster
TTCTGTATCAAGTTGC_TSP14_LI_Proximal_10X_1_1,final_glia_cluster
TTGACCCTCACCTACC_TSP14_LI_Proximal_10X_1_1,final_glia_cluster
TTGCGTCCATATCTCT_TSP14_LI_Proximal_10X_1_1,final_glia_cluster
TTGGGCGAGTGCTCAT_TSP14_LI_Proximal_10X_1_1,final_glia_cluster
TTGGGCGGTCTACAAC_TSP14_LI_Proximal_10X_1_1,final_glia_cluster
TTGGTTTGTGATGTAA_TSP14_LI_Proximal_10X_1_1,final_glia_cluster
TTGTTGTCACAGCGCT_TSP14_LI_Proximal_10X_1_1,final_glia_cluster
TTTACCATCGACGCGT_TSP14_LI_Proximal_10X_1_1,final_glia_cluster
TTTCAGTAGACCCTTA_TSP14_LI_Proximal_10X_1_1,final_glia_cluster
TTTGGTTGTCAAGTTC_TSP14_LI_Proximal_10X_1_1,final_glia_cluster
AAAGGATCACGTATAC_TSP14_SI_Distal_10X_1_1,final_glia_cluster
AATGCCATCCTCGCAT_TSP14_SI_Distal_10X_1_1,final_glia_cluster
AGACTCACAAACCGGA_TSP14_SI_Distal_10X_1_1,final_glia_cluster
AGAGAGCAGGTTGTTC_TSP14_SI_Distal_10X_1_1,final_glia_cluster
ATGGGAGGTAGCTCGC_TSP14_SI_Distal_10X_1_1,final_glia_cluster
ATTCGTTGTATGCTAC_TSP14_SI_Distal_10X_1_1,final_glia_cluster
CAAGACTGTACGTTCA_TSP14_SI_Distal_10X_1_1,final_glia_cluster
CACAACAAGGGAGGTG_TSP14_SI_Distal_10X_1_1,final_glia_cluster
CACATGACAAGCGCTC_TSP14_SI_Distal_10X_1_1,final_glia_cluster
CAGTTCCCAATCGTCA_TSP14_SI_Distal_10X_1_1,final_glia_cluster
CATCGGGGTGTTGACT_TSP14_SI_Distal_10X_1_1,final_glia_cluster
CGGGCATCACAGGATG_TSP14_SI_Distal_10X_1_1,final_glia_cluster
CTAACCCGTGACCTGC_TSP14_SI_Distal_10X_1_1,final_glia_cluster
CTGATCCGTATTTCCT_TSP14_SI_Distal_10X_1_1,final_glia_cluster
CTGCGAGCACCATAAC_TSP14_SI_Distal_10X_1_1,final_glia_cluster
CTTCTAATCCACACAA_TSP14_SI_Distal_10X_1_1,final_glia_cluster
GAATCGTCAGAGAGGG_TSP14_SI_Distal_10X_1_1,final_glia_cluster
GACATCAGTTACACTG_TSP14_SI_Distal_10X_1_1,final_glia_cluster
GCAGCCAGTAGACAAT_TSP14_SI_Distal_10X_1_1,final_glia_cluster
GCATGATCAGGGATAC_TSP14_SI_Distal_10X_1_1,final_glia_cluster
GCGATCGAGTGGGAAA_TSP14_SI_Distal_10X_1_1,final_glia_cluster
GGGTATTCAGTGCGCT_TSP14_SI_Distal_10X_1_1,final_glia_cluster
GGTGTTACAGTGCGCT_TSP14_SI_Distal_10X_1_1,final_glia_cluster
GTTACAGAGGCCACCT_TSP14_SI_Distal_10X_1_1,final_glia_cluster
GTTAGACAGGTCCCGT_TSP14_SI_Distal_10X_1_1,final_glia_cluster
TATTGGGGTATGCAAA_TSP14_SI_Distal_10X_1_1,final_glia_cluster
TCAGGTATCGACCAAT_TSP14_SI_Distal_10X_1_1,final_glia_cluster
TCTGTCGGTACAAACA_TSP14_SI_Distal_10X_1_1,final_glia_cluster
TGCCGAGCACGTACAT_TSP14_SI_Distal_10X_1_1,final_glia_cluster
TTCTCTCGTCATCTAG_TSP14_SI_Distal_10X_1_1,final_glia_cluster
AATTTCCAGATACCAA_TSP14_SI_Proximal_10X_1_1,final_glia_cluster
ACGTAGTTCGCAGAGA_TSP14_SI_Proximal_10X_1_1,final_glia_cluster
AGACCATCATCTCCCA_TSP14_SI_Proximal_10X_1_1,final_glia_cluster
AGATCGTCATCAGCAT_TSP14_SI_Proximal_10X_1_1,final_glia_cluster
AGCCAGCAGAAGGGAT_TSP14_SI_Proximal_10X_1_1,final_glia_cluster
AGCGTATCAATGTCTG_TSP14_SI_Proximal_10X_1_1,final_glia_cluster
ATCGGATGTAAGCTCT_TSP14_SI_Proximal_10X_1_1,final_glia_cluster
ATCGTGACACACCTGG_TSP14_SI_Proximal_10X_1_1,final_glia_cluster
ATCTTCATCTAGACAC_TSP14_SI_Proximal_10X_1_1,final_glia_cluster
ATGGGTTCATGTGCTA_TSP14_SI_Proximal_10X_1_1,final_glia_cluster
CAAGCTAGTCCTACGG_TSP14_SI_Proximal_10X_1_1,final_glia_cluster
CAATACGAGTATGGAT_TSP14_SI_Proximal_10X_1_1,final_glia_cluster
CATCCCATCTCACGAA_TSP14_SI_Proximal_10X_1_1,final_glia_cluster
CCGTGAGTCATGGTAC_TSP14_SI_Proximal_10X_1_1,final_glia_cluster
CTAACCCAGGTGTGAC_TSP14_SI_Proximal_10X_1_1,final_glia_cluster
CTCAGAACAAGGATGC_TSP14_SI_Proximal_10X_1_1,final_glia_cluster
CTCGAGGGTGGGAGAG_TSP14_SI_Proximal_10X_1_1,final_glia_cluster
CTCTCGACACAAATCC_TSP14_SI_Proximal_10X_1_1,final_glia_cluster
CTGCTCAAGTTACGAA_TSP14_SI_Proximal_10X_1_1,final_glia_cluster
CTGCTCATCGACCATA_TSP14_SI_Proximal_10X_1_1,final_glia_cluster
GAGACTTCAAGAGAGA_TSP14_SI_Proximal_10X_1_1,final_glia_cluster
GCGTTTCAGTGAGGCT_TSP14_SI_Proximal_10X_1_1,final_glia_cluster
GGACGTCGTATCCCTC_TSP14_SI_Proximal_10X_1_1,final_glia_cluster
GTGAGCCTCGGAGATG_TSP14_SI_Proximal_10X_1_1,final_glia_cluster
GTGAGGATCTACGGGC_TSP14_SI_Proximal_10X_1_1,final_glia_cluster
TACGGTAGTCGAGCAA_TSP14_SI_Proximal_10X_1_1,final_glia_cluster
TATCCTACAACAGAGC_TSP14_SI_Proximal_10X_1_1,final_glia_cluster
TCCTTCTCAAGGTCAG_TSP14_SI_Proximal_10X_1_1,final_glia_cluster
TCTAACTGTCCAGCGT_TSP14_SI_Proximal_10X_1_1,final_glia_cluster
TGCGGCAGTATTCCGA_TSP14_SI_Proximal_10X_1_1,final_glia_cluster
TTCTGTACATGGCTGC_TSP14_SI_Proximal_10X_1_1,final_glia_cluster
AATGAAGGTGCCTGAC_TSP14_Thymus_NA_10X_1_1,unassigned
ACGCACGCATCGTGCG_TSP14_Thymus_NA_10X_1_1,unassigned
GCCAGTGTCCGGCAAC_TSP14_Thymus_NA_10X_1_1,unassigned
GTTTGGATCAGCCCAG_TSP14_Thymus_NA_10X_1_1,unassigned
TGATGGTAGCTAGAAT_TSP14_Thymus_NA_10X_1_1,unassigned
AAATGGAGTCGGTGAA_TSP14_Thymus_NA_10X_2_1,unassigned
AACAACCGTGACACAG_TSP14_Thymus_NA_10X_2_1,unassigned
AACGAAATCGCATAGT_TSP14_Thymus_NA_10X_2_1,unassigned
AATTTCCAGTCACTGT_TSP14_Thymus_NA_10X_2_1,unassigned
ACGTTCCGTGATACTC_TSP14_Thymus_NA_10X_2_1,unassigned
ACTCTCGTCTTCTTCC_TSP14_Thymus_NA_10X_2_1,unassigned
AGACACTTCAATCGGT_TSP14_Thymus_NA_10X_2_1,unassigned
AGTGTTGAGACCTTTG_TSP14_Thymus_NA_10X_2_1,unassigned
ATACTTCGTGAGGATC_TSP14_Thymus_NA_10X_2_1,unassigned
ATCTTCATCCACGTGG_TSP14_Thymus_NA_10X_2_1,unassigned
CAACAACAGATTAGCA_TSP14_Thymus_NA_10X_2_1,unassigned
CAAGGGAAGATCCGAG_TSP14_Thymus_NA_10X_2_1,unassigned
CACATGACATTACTCT_TSP14_Thymus_NA_10X_2_1,unassigned
CACATGATCCGGCAGT_TSP14_Thymus_NA_10X_2_1,unassigned
CAGATTGAGCTGGTGA_TSP14_Thymus_NA_10X_2_1,final_glia_cluster
CATGGATCAATAGTAG_TSP14_Thymus_NA_10X_2_1,unassigned
CCACAAAAGACATGCG_TSP14_Thymus_NA_10X_2_1,unassigned
CCATAAGAGTTTCGGT_TSP14_Thymus_NA_10X_2_1,unassigned
CCCTCAAAGGGTTAGC_TSP14_Thymus_NA_10X_2_1,unassigned
CCGGACAGTTGACTAC_TSP14_Thymus_NA_10X_2_1,unassigned
CGAAGTTAGCATACTC_TSP14_Thymus_NA_10X_2_1,unassigned
CGGAATTCACCTATCC_TSP14_Thymus_NA_10X_2_1,unassigned
CGTAAGTTCAGGAGAC_TSP14_Thymus_NA_10X_2_1,unassigned
CGTGTCTTCGGCTGTG_TSP14_Thymus_NA_10X_2_1,unassigned
CGTTCTGAGAGAGGGC_TSP14_Thymus_NA_10X_2_1,unassigned
CTACAGAAGGTGATAT_TSP14_Thymus_NA_10X_2_1,unassigned
CTGATCCAGCTAAATG_TSP14_Thymus_NA_10X_2_1,unassigned
CTGCGAGAGCTTGTGT_TSP14_Thymus_NA_10X_2_1,unassigned
CTGTATTCATGCAGCC_TSP14_Thymus_NA_10X_2_1,unassigned
GAAATGACATCGCTCT_TSP14_Thymus_NA_10X_2_1,unassigned
GACCCTTCAACGGGTA_TSP14_Thymus_NA_10X_2_1,unassigned
GACGTTAGTATTTCTC_TSP14_Thymus_NA_10X_2_1,unassigned
GATTCGAAGTCACTAC_TSP14_Thymus_NA_10X_2_1,unassigned
GCGGAAAGTGTCCCTT_TSP14_Thymus_NA_10X_2_1,unassigned
GCTGAATCACCAATTG_TSP14_Thymus_NA_10X_2_1,unassigned
GGAGGTAAGGCTGAAC_TSP14_Thymus_NA_10X_2_1,unassigned
GGTGATTGTGACTGAG_TSP14_Thymus_NA_10X_2_1,unassigned
GGTGTTAAGGAAGTAG_TSP14_Thymus_NA_10X_2_1,unassigned
GTAAGTCTCGTTAGTG_TSP14_Thymus_NA_10X_2_1,unassigned
GTACAGTAGTCTCTGA_TSP14_Thymus_NA_10X_2_1,unassigned
GTCTACCCACCCTAGG_TSP14_Thymus_NA_10X_2_1,unassigned
GTTACCCTCAACCTCC_TSP14_Thymus_NA_10X_2_1,final_glia_cluster
TAAGCCAAGTACTGTC_TSP14_Thymus_NA_10X_2_1,unassigned
TACCTCGTCAGTCAGT_TSP14_Thymus_NA_10X_2_1,unassigned
TAGACCAAGCAAGCCA_TSP14_Thymus_NA_10X_2_1,unassigned
TAGGGTTCAATGCAAA_TSP14_Thymus_NA_10X_2_1,unassigned
TATCCTATCAAACTGC_TSP14_Thymus_NA_10X_2_1,unassigned
TCACTATCATAACGGG_TSP14_Thymus_NA_10X_2_1,unassigned
TCCACCAGTAGCTAAA_TSP14_Thymus_NA_10X_2_1,unassigned
TCCTTCTTCGACCAAT_TSP14_Thymus_NA_10X_2_1,unassigned
TCGTAGACACCAAAGG_TSP14_Thymus_NA_10X_2_1,unassigned
TCTACCGGTGCCTAAT_TSP14_Thymus_NA_10X_2_1,unassigned
TGAGGGATCTCCTGAC_TSP14_Thymus_NA_10X_2_1,unassigned
TGCTTCGAGCGAGGAG_TSP14_Thymus_NA_10X_2_1,unassigned
TTAGTCTGTAGGATAT_TSP14_Thymus_NA_10X_2_1,unassigned
TTCTAACAGAGCTTTC_TSP14_Thymus_NA_10X_2_1,final_glia_cluster
TTTCGATAGCGTTGTT_TSP14_Thymus_NA_10X_2_1,unassigned
AGGTGTTCAGCATCTA_TSP14_Tongue_Anterior_10X_1_1,final_glia_cluster
CGATCGGTCCGCTGTT_TSP14_Tongue_Anterior_10X_1_1,final_glia_cluster
CTGCGAGAGCTCACTA_TSP14_Tongue_Anterior_10X_1_1,final_glia_cluster
GACCAATGTATTCTCT_TSP14_Tongue_Anterior_10X_1_1,final_glia_cluster
TACGGTAAGCCTAACT_TSP14_Tongue_Anterior_10X_1_1,final_glia_cluster
TCTATCAGTCTTTATC_TSP14_Tongue_Anterior_10X_1_1,unassigned
AGACCCGCAAGACAAT_TSP14_Tongue_Posterior_10X_1_1,unassigned
ATCCCTGGTCCTTGTC_TSP14_Tongue_Posterior_10X_1_1,final_glia_cluster
GGTGAAGAGACGGTCA_TSP14_Tongue_Posterior_10X_1_1,unassigned
GGTGAAGTCAGAATAG_TSP14_Tongue_Posterior_10X_1_1,unassigned
AACCAACTCATCGTAG_TSP14_Muscle_Diaphragm_10X_1_1,unassigned
AATGCCATCATGCCAA_TSP14_Muscle_Diaphragm_10X_1_1,unassigned
CTGTACCAGTAAACTG_TSP14_Muscle_Diaphragm_10X_1_1,unassigned
GACGTTAAGACGCCAA_TSP14_Muscle_Diaphragm_10X_1_1,unassigned
GACTCAACAGTGTATC_TSP14_Muscle_Diaphragm_10X_1_1,unassigned
GCTTTCGCACAGTCGC_TSP14_Muscle_Diaphragm_10X_1_1,unassigned
TGAACGTGTGTTCATG_TSP14_Muscle_Diaphragm_10X_1_1,unassigned
AAATGGATCTACGCAA_TSP14_Muscle_Diaphragm_10X_1_2,unassigned
ACAAGCTTCGTAGGGA_TSP14_Muscle_Diaphragm_10X_1_2,unassigned
AGGTAGGGTCTTAGTG_TSP14_Muscle_Diaphragm_10X_1_2,unassigned
ATCCTATCAATAGAGT_TSP14_Muscle_Diaphragm_10X_1_2,unassigned
ATTGTTCAGGCCCACT_TSP14_Muscle_Diaphragm_10X_1_2,unassigned
CCTTTGGAGGTTAGTA_TSP14_Muscle_Diaphragm_10X_1_2,unassigned
TGGAGGAGTAATCAGA_TSP14_Muscle_Diaphragm_10X_1_2,unassigned
CTAACTTGTAGGTTTC_TSP1_bladder_1,final_glia_cluster
GATCGTACAGTCAACT_TSP1_bladder_1,final_glia_cluster
GTGGTTAGTTGCGGCT_TSP1_bladder_1,final_glia_cluster
TCACGGGCATGAATCC_TSP1_bladder_1,final_glia_cluster
TGAATGCAGAGGTCAC_TSP1_bladder_1,final_glia_cluster
ACGGAAGCATTCACAG_TSP1_bladder_3,final_glia_cluster
ATGAAAGTCATCACTT_TSP1_bladder_3,final_glia_cluster
CCCTTAGAGACTAAGT_TSP1_bladder_3,final_glia_cluster
CTGAATGTCTGCTGAA_TSP1_bladder_3,final_glia_cluster
TATTCCAGTGGAATGC_TSP1_bladder_3,final_glia_cluster
TGGATGTTCACCTCGT_TSP1_bladder_3,final_glia_cluster
TTGAACGGTGAGAACC_TSP1_bladder_3,final_glia_cluster
GACACGCTCCACTGAA_TSP1_bladder_2,final_glia_cluster
TACCGGGTCCCACAGG_TSP1_bladder_2,final_glia_cluster
TCAGTTTAGTATCTGC_TSP1_bladder_2,final_glia_cluster
TTCTTGAAGACATAAC_TSP1_bladder_2,final_glia_cluster
ACGTAACAGACAAGCC_TSP2_Bladder_NA_10X_1_1,final_glia_cluster
CCGGGTAAGTGGCGAT_TSP2_Bladder_NA_10X_1_1,final_glia_cluster
GAGGCAAAGCGCCTCA_TSP2_Bladder_NA_10X_1_1,final_glia_cluster
TAAGCACTCCTGATAG_TSP2_Bladder_NA_10X_1_1,final_glia_cluster
TGCAGGCGTGCCTTTC_TSP2_Bladder_NA_10X_1_1,final_glia_cluster
TGCATCCGTTCTCCTG_TSP2_Bladder_NA_10X_1_1,final_glia_cluster
ACACAGTGTTGACGGA_TSP2_Bladder_NA_10X_1_2,final_glia_cluster
ACCACAACAAATACGA_TSP2_Bladder_NA_10X_1_2,final_glia_cluster
ACTATGGTCTACTGAG_TSP2_Bladder_NA_10X_1_2,final_glia_cluster
CCTCTCCCAGTGTACT_TSP2_Bladder_NA_10X_1_2,final_glia_cluster
CGAGAAGGTGTTACAC_TSP2_Bladder_NA_10X_1_2,final_glia_cluster
CGATGCGAGAAACACT_TSP2_Bladder_NA_10X_1_2,final_glia_cluster
GAACGTTTCGTAATGC_TSP2_Bladder_NA_10X_1_2,final_glia_cluster
GTGTGATGTTAGGACG_TSP2_Bladder_NA_10X_1_2,final_glia_cluster
TSP2_Bladder_NA_SS2_B114660_B111652_Stromal_P20_S380,final_glia_cluster
ACGTAACGTCGTGGTC_TSP2_LI_proximal_10X_1_1_Ascending,unassigned
AGCGATTTCAATCCAG_TSP2_LI_proximal_10X_1_1_Ascending,unassigned
TACCGGGCAAAGCAAT_TSP2_LI_proximal_10X_1_1_Ascending,unassigned
AGCATCAAGACTAGAT_TSP1_lung_1,unassigned
CAGGGCTTCGTTCCTG_TSP1_lung_1,unassigned
GATAGAAAGATGCTAA_TSP1_lung_1,unassigned
GCTGCAGGTGCCTACG_TSP1_lung_1,unassigned
GGTGTCGCAACATACC_TSP1_lung_1,unassigned
TGCTTGCGTATAGGAT_TSP1_lung_1,unassigned
TTCATTGAGGATTTGA_TSP1_lung_1,unassigned
B107813_K19_S137.homo.gencode.v30.ERCC.chrM,unassigned
AGGAGGTTCTGGCTGG_TSP2_Lung_proxmedialdistal_10X_1_1,unassigned
CCCATTGAGAGGTTAT_TSP2_Lung_proxmedialdistal_10X_1_1,unassigned
CTTCAATGTTTCAGAC_TSP2_Lung_proxmedialdistal_10X_1_1,unassigned
GATGACTCAGTCACGC_TSP2_Lung_proxmedialdistal_10X_1_1,unassigned
GGGACTCCAAAGCTCT_TSP2_Lung_proxmedialdistal_10X_1_1,unassigned
GTTCGCTCACGTAACT_TSP2_Lung_proxmedialdistal_10X_1_1,unassigned
GTTGTAGTCAAGTCTG_TSP2_Lung_proxmedialdistal_10X_1_1,final_glia_cluster
TATTTCGTCATACAGC_TSP2_Lung_proxmedialdistal_10X_1_1,unassigned
CACTAAGGTCATGCAT_TSP2_Lung_proxmedialdistal_10X_1_2,unassigned
CTCAATTAGGCTCCCA_TSP2_Lung_proxmedialdistal_10X_1_2,final_glia_cluster
GAGGCAAAGATGACAT_TSP2_Lung_proxmedialdistal_10X_1_2,unassigned
TGTACAGGTCACCGCA_TSP2_Lung_proxmedialdistal_10X_1_2,unassigned
TSP2_LungNeuron_proximal_SS2_B113453_B133092_MixedStromalNeuron_C8_S176,unassigned
TSP2_LungNeuron_proximal_SS2_B113453_B133092_MixedStromalNeuron_E11_S227,unassigned
TSP2_LungNeuron_proximal_SS2_B113453_B133092_MixedStromalNeuron_E5_S221,unassigned
ATACCTTCAAACTAGA_TSP2_Muscle_diaphragm_10X_1_1,unassigned
CATAGACCAACCGTGC_TSP2_Muscle_diaphragm_10X_1_1,unassigned
TTGGGTAAGTCTAGAA_TSP2_Muscle_diaphragm_10X_1_1,unassigned
AGTGACTTCCTGGGTG_TSP2_Muscle_diaphragm_10X_1_2,unassigned
AGTGACTTCCTGTACC_TSP2_Muscle_diaphragm_10X_1_2,unassigned
CACTGGGAGATAACAC_TSP2_Muscle_diaphragm_10X_1_2,unassigned
GAGAAATGTTATCTGG_TSP2_Muscle_diaphragm_10X_1_2,unassigned
GAGCTGCGTCTCCTGT_TSP2_Muscle_diaphragm_10X_1_2,unassigned
GCAGCTGGTGAGTAGC_TSP2_Muscle_diaphragm_10X_1_2,unassigned
GTCAAACGTACTCCCT_TSP2_Muscle_diaphragm_10X_1_2,unassigned
GTTACCCGTGTGTCGC_TSP2_Muscle_diaphragm_10X_1_2,unassigned
CCATCACGTACCGGCT_TSP2_Muscle_rectusabdominus_10X_1_1,final_glia_cluster
TSP2_Muscle_diaphragm_SS2_B114616_B134456_Endothelial_I6_S198,unassigned
TSP2_Muscle_rectusabdominus_SS2_B114661_B133087_MuscleStemCell_P8_S368,unassigned
AGGTTGTTCCGCTAGG_TSP1_exopancreas2_3,final_glia_cluster
AAAGAACGTCTACTGA_TSP2_Thymus_NA_10X_1_1,unassigned
ATTTACCCAGATCACT_TSP2_Thymus_NA_10X_1_1,unassigned
GTCATGATCCGTGGGT_TSP2_Thymus_NA_10X_1_1,unassigned
TACAGGTCAGAGAGGG_TSP2_Thymus_NA_10X_1_1,unassigned
TCATACTCAGAGATTA_TSP2_Thymus_NA_10X_1_1,unassigned
CCATCACGTTCGAGCC_TSP2_Thymus_NA_10X_1_2,unassigned
GGTCACGTCGAGGCAA_TSP2_Thymus_NA_10X_1_2,unassigned
TTGGATGCAAGTGACG_TSP2_Thymus_NA_10X_1_2,unassigned
GACACGCCATTGTGCA_TSP2_Thymus_NA_10X_1_4_5prime,unassigned
TSP2_Thymus_NA_SS2_B114657_B133060_Stromal_E22_S118,unassigned
AAACGCTTCGCTAGCG_TSP2_Vasculature_Aorta_10X_1_1,unassigned
AGAAATGAGACTTCAC_TSP2_Vasculature_Aorta_10X_1_1,unassigned
AGAAGCGTCCGGTTCT_TSP2_Vasculature_Aorta_10X_1_1,unassigned
AGTGATCTCCCTCTAG_TSP2_Vasculature_Aorta_10X_1_1,unassigned
CACAGGCAGCTCCGAC_TSP2_Vasculature_Aorta_10X_1_1,unassigned
CTCCAACGTATGGGAC_TSP2_Vasculature_Aorta_10X_1_1,unassigned
GCCAGTGCAGAGATGC_TSP2_Vasculature_Aorta_10X_1_1,unassigned
GGAACCCCAGCAGACA_TSP2_Vasculature_Aorta_10X_1_1,unassigned
GTCGCGAGTAGTTACC_TSP2_Vasculature_Aorta_10X_1_1,unassigned
TATCGCCCAACGCATT_TSP2_Vasculature_Aorta_10X_1_1,unassigned
TCCTCGAGTGCTTATG_TSP2_Vasculature_Aorta_10X_1_1,unassigned
TGCAGTACATACCATG_TSP2_Vasculature_Aorta_10X_1_1,unassigned
ACACTGAAGGTAGCCA_TSP2_Vasculature_Aorta_10X_1_2,unassigned
ACTTCGCGTTTAAGGA_TSP2_Vasculature_Aorta_10X_1_2,unassigned
AGGAGGTAGTAACAGT_TSP2_Vasculature_Aorta_10X_1_2,unassigned
CAATGACAGCGGATCA_TSP2_Vasculature_Aorta_10X_1_2,unassigned
GCATCTCAGCCTCAAT_TSP2_Vasculature_Aorta_10X_1_2,unassigned
TAAGCGTAGCCAGACA_TSP2_Vasculature_Aorta_10X_1_2,unassigned
TACACCCGTCTGTCCT_TSP2_Vasculature_Aorta_10X_1_2,unassigned
TAGCACAGTCCCTGAG_TSP2_Vasculature_Aorta_10X_1_2,unassigned
TCAAGTGCACTAGGCC_TSP2_Vasculature_Aorta_10X_1_2,unassigned
TGACAGTAGATGGCGT_TSP2_Vasculature_Aorta_10X_1_2,unassigned
TGTTGGATCGACATCA_TSP2_Vasculature_Aorta_10X_1_2,unassigned
TTGGATGGTGGCTACC_TSP2_Vasculature_Aorta_10X_1_2,unassigned
CTTGATTTCTTGCAAG_TSP2_Vasculature_Aorta_10X_2_2,unassigned
TCGACGGCATGGAATA_TSP2_Vasculature_Aorta_10X_2_2,unassigned
TSP2_Vasculature_aorta_SS2_B114585_B133324_Stromal_O9_S81,final_glia_cluster
GGGTGTCAGTGCCAGA_TSP15_Eye_Sclera-etc_10X_2_1,final_glia_cluster
TGATTCTAGCTGAGCA_TSP15_Eye_Sclera-etc_10X_2_1,final_glia_cluster
AGATCCACAACAGCTT_TSP5_Eye_NA_10X_1_2,final_glia_cluster
ATAGGCTGTGTTAACC_TSP5_Eye_NA_10X_1_1,final_glia_cluster
GGCAGTCGTCTAGGTT_TSP5_Eye_NA_10X_1_1,final_glia_cluster
ACGATGTTCGGCTGTG_TSP5_Eye_NA_10X_1_2,final_glia_cluster
AGGAGGTAGAAGGGAT_TSP5_Eye_NA_10X_1_2,final_glia_cluster
ATTCTACGTCATCCGG_TSP15_Eye_Sclera-etc_10X_2_1,final_glia_cluster
TTGCTGCCATCCTTCG_TSP3_Eye_NA_10X_1_1_NoCornea,final_glia_cluster
CCCTCAAAGTCACAGG_TSP15_Eye_Cornea-etc_10X_1_1,final_glia_cluster
ACACAGTGTGTAGTGG_TSP15_Eye_Sclera-etc_10X_2_1,final_glia_cluster
CTCTCGATCTCTGGTC_TSP15_Eye_Sclera-etc_10X_2_1,final_glia_cluster
CAATGACGTCCACGCA_TSP15_Eye_Sclera-etc_10X_2_1,final_glia_cluster
GGTTGTATCACGACTA_TSP15_Eye_Cornea-etc_10X_1_1,final_glia_cluster
AGGTGTTCAGCCTACG_TSP15_Eye_Cornea-etc_10X_1_1,final_glia_cluster
GATCGTAAGACACACG_TSP5_Eye_NA_10X_1_1,final_glia_cluster
CTATAGGCATCGATGT_TSP15_Eye_Cornea-etc_10X_1_1,final_glia_cluster
CGATGGCCACTCCTTG_TSP7_SalivaryGland_Parotid_10X_1_1,final_glia_cluster
TSP4_Muscle_rectusabdominus_SS2_B114867_B134050_MuscleStemCell_G7_L004,final_glia_cluster
TSP7_Salivary_parotid_SS2_B134159_B133912_Epithelial_N22_S334,final_glia_cluster
GGTGAAGTCAGAATAG_TSP14_Tongue_Posterior_10X_1_1,final_glia_cluster
GGTGAAGAGACGGTCA_TSP14_Tongue_Posterior_10X_1_1,final_glia_cluster
AGACCCGCAAGACAAT_TSP14_Tongue_Posterior_10X_1_1,final_glia_cluster
AGGTGTTCAGCATCTA_TSP14_Tongue_Anterior_10X_1_1,final_glia_cluster
GACCAATGTATTCTCT_TSP14_Tongue_Anterior_10X_1_1,final_glia_cluster